physical_bank,site,classification,cfg_boundary
0,53A0,current-bank-read,True
1,D015,current-bank-read,True
1,F43D,generic-pointer-offset-FFFF-not-bank-access,True
1,F823,generic-pointer-offset-FFFF-not-bank-access,True
3,F144,current-bank-read,True
4,F225,current-bank-read,True
4,FB5B,current-bank-read,True
4,FEB9,current-bank-read,True
6,C4D5,current-bank-read,True
6,ED15,current-bank-read,True
6,EE33,current-bank-read,True
6,F996,current-bank-read,True
7,7A36,current-bank-read,True
7,BEDB,current-bank-read,True
7,EE54,current-bank-read,True
9,B68E,current-bank-read,False
10,EBB2,current-bank-read,True
10,EE08,current-bank-read,True
10,F2FA,current-bank-read,True
10,F321,current-bank-read,True
11,FBEC,current-bank-read,True
12,F085,current-bank-read,True
12,F9E2,current-bank-read,True
12,FA18,current-bank-read,True
13,38B3,current-bank-read,True
13,522C,current-bank-read,True
13,5FA2,current-bank-read,True
