source_physical_bank,site,kind,thunk,target_logical_bank,target
0,00A1,LCALL,0DD6,4,F8A6
0,011A,LCALL,0DDC,4,F90A
0,01A2,LCALL,0DE2,5,C755
0,072A,LCALL,0FB0,8,EAFE
0,249E,LCALL,0F8C,0,5CF9
0,24C0,LCALL,0F8C,0,5CF9
0,2A41,LJMP,1C40,0,FCF6
0,2B29,LCALL,0DAC,5,FBC3
0,2B5D,LCALL,0B24,3,F763
0,2B65,LCALL,0B2A,3,FEE4
0,2B68,LCALL,0B30,6,F10D
0,2B7C,LCALL,0B36,7,6558
0,2B81,LCALL,0B3C,7,D736
0,2B84,LCALL,0B42,3,FE1B
0,2C3E,LCALL,0B48,6,C984
0,2C41,LCALL,0B4E,6,F9B7
0,2C49,LCALL,0B54,6,E5F5
0,4EF1,LCALL,15F8,10,F439
0,4F46,LCALL,1916,11,FCAE
0,4F8E,LCALL,1ADE,9,C744
0,4FFD,LCALL,18FE,10,F142
0,500E,LCALL,18FE,10,F142
0,5054,LCALL,1916,11,FCAE
0,508E,LCALL,1ADE,9,C744
0,509B,LCALL,18FE,10,F142
0,50B0,LCALL,18FE,10,F142
0,50CD,LCALL,18FE,10,F142
0,50F3,LCALL,15FE,1,FA88
0,50F8,LCALL,18DA,13,663B
0,510E,LCALL,1BD4,7,EE22
0,5196,LCALL,1ADE,9,C744
0,51AC,LCALL,18FE,10,F142
0,51C8,LCALL,18FE,10,F142
0,51D9,LCALL,18FE,10,F142
0,51EB,LCALL,18FE,10,F142
0,51EE,LCALL,18C2,8,C4F1
0,51F7,LCALL,0B72,5,E671
0,5200,LCALL,0B7E,5,E77F
0,5216,LCALL,0B72,5,E671
0,521C,LCALL,18E6,13,64AB
0,5230,LCALL,1910,13,536D
0,5245,LCALL,1910,13,536D
0,5277,LCALL,1910,13,536D
0,5286,LCALL,15FE,1,FA88
0,528B,LCALL,18DA,13,663B
0,5295,LCALL,1910,13,536D
0,52A0,LCALL,18E6,13,64AB
0,5AFE,LCALL,0DAC,5,FBC3
0,5B07,LCALL,0DAC,5,FBC3
0,5D23,LCALL,0FB0,8,EAFE
0,5E66,LCALL,18FE,10,F142
0,5E8D,LCALL,0E8A,13,4FAA
0,5E9F,LCALL,18FE,10,F142
0,5EAB,LCALL,1ADE,9,C744
0,5ECE,LCALL,0E8A,13,4FAA
0,5EF1,LJMP,1928,13,459F
0,5EF6,LCALL,0E8A,13,4FAA
0,5EFE,LCALL,18FE,10,F142
0,5F22,LJMP,1ADE,9,C744
0,5FD8,LCALL,1916,11,FCAE
0,5FEC,LCALL,1916,11,FCAE
0,606E,LCALL,18FE,10,F142
0,6095,LCALL,0E8A,13,4FAA
0,609D,LCALL,18FE,10,F142
0,60B0,LCALL,1ADE,9,C744
0,60C4,LJMP,1928,13,459F
0,60C9,LCALL,0E8A,13,4FAA
0,60DA,LCALL,18FE,10,F142
0,612E,LCALL,18FE,10,F142
0,615E,LCALL,0E8A,13,4FAA
0,6174,LCALL,0E8A,13,4FAA
0,6183,LCALL,18FE,10,F142
0,618F,LCALL,1ADE,9,C744
0,61A3,LJMP,1928,13,459F
0,61A8,LCALL,0E8A,13,4FAA
0,61BA,LCALL,18FE,10,F142
0,62BD,LJMP,1B1A,11,FD9D
0,63C0,LCALL,0D16,5,CA9B
0,63CA,LCALL,0F02,10,FAFB
0,63E7,LCALL,0F08,10,F7AA
0,63EA,LCALL,0F0E,10,FC25
0,6435,LJMP,0F14,5,F652
0,649D,LCALL,18FE,10,F142
0,64B7,LCALL,0E8A,13,4FAA
0,64C9,LCALL,18FE,10,F142
0,64DC,LCALL,1ADE,9,C744
0,64F0,LJMP,1928,13,459F
0,64F5,LCALL,0E8A,13,4FAA
0,64FD,LCALL,18FE,10,F142
0,6693,LCALL,1928,13,459F
0,6706,LCALL,18FE,10,F142
0,6717,LCALL,18FE,10,F142
0,6746,LJMP,18FE,10,F142
0,6775,LJMP,1B14,11,FE5F
0,6A20,LCALL,0DAC,5,FBC3
0,6B7F,LCALL,0B72,5,E671
0,6BE3,LCALL,0DAC,5,FBC3
0,6C12,LCALL,0FB0,8,EAFE
0,6DBD,LCALL,0DAC,5,FBC3
0,6E95,LCALL,0F2C,13,599D
0,6EA8,LCALL,0E54,7,FBA5
0,6EB0,LJMP,0E5A,7,FB8F
0,6EB5,LCALL,0E60,7,E0CD
0,6FC5,LCALL,0BF0,8,D159
0,6FC8,LCALL,0BF6,5,FDDC
0,6FCB,LCALL,0BFC,6,FE1E
0,6FCE,LCALL,0C02,10,FE68
0,6FD1,LCALL,0C08,7,BC21
0,6FD4,LCALL,0C0E,7,E73E
0,6FE0,LCALL,0C14,6,B283
0,FCFE,LCALL,0BA2,2,FDAD
0,FD01,LCALL,0BA8,7,C364
0,FD04,LCALL,0BAE,7,A9A8
0,FD07,LCALL,0BB4,5,E881
0,FD0A,LCALL,0BBA,5,E9F1
0,FD0D,LCALL,0BC0,7,DD14
0,FD10,LCALL,0BC6,7,95B9
0,FD13,LCALL,0BCC,6,F646
0,FD16,LCALL,0BD2,8,FE6E
0,FD19,LCALL,0BD8,3,FEF9
0,FD1C,LCALL,0BDE,6,FC39
0,FD1F,LCALL,0BE4,13,6687
0,FD22,LCALL,0BEA,13,671D
0,FD44,LCALL,1616,8,BFCE
0,FD49,LCALL,1928,13,459F
0,FD4E,LCALL,1928,13,459F
0,FD53,LCALL,1928,13,459F
0,FD58,LJMP,1928,13,459F
0,FDD4,LCALL,0B84,5,F920
0,FDD9,LCALL,0B84,5,F920
0,FDDE,LCALL,0B84,5,F920
0,FDE1,LCALL,15F8,10,F439
0,FDE8,LJMP,15FE,1,FA88
1,00A1,LCALL,0DD6,4,F8A6
1,011A,LCALL,0DDC,4,F90A
1,01A2,LCALL,0DE2,5,C755
1,2A41,LJMP,1C40,0,FCF6
1,2B5D,LCALL,0B24,3,F763
1,2B65,LCALL,0B2A,3,FEE4
1,2B68,LCALL,0B30,6,F10D
1,2B7C,LCALL,0B36,7,6558
1,2B81,LCALL,0B3C,7,D736
1,2B84,LCALL,0B42,3,FE1B
1,2C3E,LCALL,0B48,6,C984
1,2C41,LCALL,0B4E,6,F9B7
1,2C49,LCALL,0B54,6,E5F5
1,D331,LCALL,1BA4,8,E230
1,D65E,LCALL,1BAA,13,58F2
1,D66B,LCALL,1BAA,13,58F2
1,D672,LCALL,1BB0,13,664E
1,D67A,LCALL,1BB6,4,FEFF
1,D67F,LCALL,1BBC,3,FEFE
1,D685,LCALL,1BC2,9,FBFA
1,D691,LCALL,1AA2,13,64CA
1,D698,LCALL,0DAC,5,FBC3
1,D69F,LCALL,1BB0,13,664E
1,D6AB,LCALL,1BAA,13,58F2
1,D6AE,LCALL,1BBC,3,FEFE
1,D6BE,LCALL,1B44,13,653F
1,D6C8,LCALL,1B44,13,653F
1,D6D4,LCALL,1BC8,8,CEEF
1,D7F6,LCALL,1BA4,8,E230
1,DB05,LCALL,1BAA,13,58F2
1,DB12,LCALL,1BAA,13,58F2
1,DB19,LCALL,1BB0,13,664E
1,DB21,LCALL,1BB6,4,FEFF
1,DB26,LCALL,1BBC,3,FEFE
1,DB2C,LCALL,1BC2,9,FBFA
1,DB36,LCALL,1AA2,13,64CA
1,DB3D,LCALL,0DAC,5,FBC3
1,DB44,LCALL,1BB0,13,664E
1,DB50,LCALL,1BAA,13,58F2
1,DB53,LCALL,1BBC,3,FEFE
1,DB63,LCALL,1B44,13,653F
1,DB6D,LCALL,1B44,13,653F
1,DB79,LCALL,1BC8,8,CEEF
1,DCA9,LCALL,1BA4,8,E230
1,DED9,LCALL,1BAA,13,58F2
1,DEE6,LCALL,1BAA,13,58F2
1,DEED,LCALL,1BB0,13,664E
1,DEF5,LCALL,1BB6,4,FEFF
1,DEFA,LCALL,1BBC,3,FEFE
1,DF00,LCALL,1BC2,9,FBFA
1,DF0A,LCALL,1AA2,13,64CA
1,DF11,LCALL,0DAC,5,FBC3
1,DF18,LCALL,1BB0,13,664E
1,DF24,LCALL,1BAA,13,58F2
1,DF27,LCALL,1BBC,3,FEFE
1,DF51,LCALL,1B44,13,653F
1,DF5B,LCALL,1B44,13,653F
1,DF67,LCALL,1BC8,8,CEEF
1,E09F,LCALL,0F3E,13,4CA4
1,E28D,LCALL,11B4,13,5264
1,E3A8,LCALL,11B4,13,5264
1,E3CF,LCALL,0F3E,13,4CA4
1,E3EB,LCALL,0F3E,13,4CA4
1,E3F1,LCALL,0F3E,13,4CA4
1,E40B,LCALL,0F3E,13,4CA4
1,E417,LCALL,0F3E,13,4CA4
1,E42A,LCALL,0F3E,13,4CA4
1,E434,LCALL,0E66,13,5F62
1,E841,LCALL,0B06,7,FE16
1,E844,LCALL,1A48,10,FE4A
1,F4B5,LCALL,1A42,8,D0C5
1,F5E8,LCALL,1B7A,6,EC58
1,F5EE,LCALL,0B06,7,FE16
1,F5F1,LCALL,12B0,10,FEED
1,F72A,LCALL,0E78,13,54E4
1,F791,LCALL,0F4A,6,C3B9
1,F7A5,LCALL,0F4A,6,C3B9
1,F885,LCALL,1AA8,8,D83D
1,F8CC,LCALL,0F86,13,640C
1,F907,LCALL,0F86,13,640C
1,F93F,LCALL,0F86,13,640C
1,F94B,LCALL,0F86,13,640C
1,F956,LCALL,0F86,13,640C
1,FAEB,LCALL,1BCE,12,FE21
1,FB3C,LCALL,0E78,13,54E4
1,FBB5,LCALL,0E54,7,FBA5
1,FBBD,LJMP,0E5A,7,FB8F
1,FBC2,LCALL,0E60,7,E0CD
1,FBFB,LCALL,0E72,7,FDB7
1,FC06,LCALL,0E72,7,FDB7
1,FC4E,LJMP,1B14,11,FE5F
1,FC64,LJMP,1B80,5,DC5E
1,FC7A,LJMP,1B86,2,EEF6
1,FC8B,LCALL,1B8C,0,6749
1,FD03,LJMP,1B1A,11,FD9D
1,FD16,LJMP,1B92,5,D761
1,FD29,LJMP,1B98,2,EB91
1,FD37,LCALL,1B9E,0,629A
1,FD50,LCALL,0E66,13,5F62
1,FD59,LCALL,0E6C,13,610A
1,FD74,LCALL,0E54,7,FBA5
1,FD7C,LJMP,0E5A,7,FB8F
1,FD81,LCALL,0E60,7,E0CD
1,FDE7,LCALL,0F4A,6,C3B9
1,FE35,LCALL,0F4A,6,C3B9
1,FE5A,LCALL,0F4A,6,C3B9
1,FE82,LCALL,0F2C,13,599D
2,00A1,LCALL,0DD6,4,F8A6
2,011A,LCALL,0DDC,4,F90A
2,01A2,LCALL,0DE2,5,C755
2,2A41,LJMP,1C40,0,FCF6
2,2B5D,LCALL,0B24,3,F763
2,2B65,LCALL,0B2A,3,FEE4
2,2B68,LCALL,0B30,6,F10D
2,2B7C,LCALL,0B36,7,6558
2,2B81,LCALL,0B3C,7,D736
2,2B84,LCALL,0B42,3,FE1B
2,2C3E,LCALL,0B48,6,C984
2,2C41,LCALL,0B4E,6,F9B7
2,2C49,LCALL,0B54,6,E5F5
2,DDA7,LCALL,1532,7,FED0
2,DDB4,LCALL,16DC,12,FEEF
2,DE3D,LCALL,1532,7,FED0
2,DE4A,LCALL,1532,7,FED0
2,DE95,LCALL,1532,7,FED0
2,DE9D,LCALL,1532,7,FED0
2,DEA5,LCALL,1532,7,FED0
2,DF05,LCALL,0B84,5,F920
2,DF09,LCALL,1532,7,FED0
2,DF10,LCALL,1532,7,FED0
2,DF17,LCALL,1532,7,FED0
2,DF1E,LCALL,1532,7,FED0
2,DFB3,LCALL,0DAC,5,FBC3
2,E215,LCALL,1532,7,FED0
2,E254,LCALL,0B84,5,F920
2,E266,LCALL,0B7E,5,E77F
2,E269,LCALL,1532,7,FED0
2,E281,LCALL,1532,7,FED0
2,E2A2,LCALL,15F8,10,F439
2,E2B8,LCALL,1934,10,FEB0
2,E318,LJMP,193A,9,B362
2,E31B,LCALL,1532,7,FED0
2,E328,LCALL,1532,7,FED0
2,E342,LCALL,1934,10,FEB0
2,E397,LCALL,0B84,5,F920
2,E39C,LCALL,0B84,5,F920
2,E3A1,LCALL,0B84,5,F920
2,E3A6,LCALL,0B84,5,F920
2,E3E4,LCALL,0B84,5,F920
2,E3EF,LCALL,1532,7,FED0
2,E406,LCALL,1532,7,FED0
2,E410,LCALL,1532,7,FED0
2,E41A,LCALL,1532,7,FED0
2,E42A,LCALL,0B72,5,E671
2,E46D,LCALL,15F8,10,F439
2,E471,LCALL,1532,7,FED0
2,E607,LCALL,0F86,13,640C
2,E625,LCALL,0F86,13,640C
2,E64E,LCALL,0F86,13,640C
2,E677,LCALL,0F86,13,640C
2,E691,LCALL,0F86,13,640C
2,E6FD,LCALL,186E,7,F2FC
2,E732,LCALL,15C2,8,DDB3
2,E73C,LCALL,16DC,12,FEEF
2,E744,LCALL,18C8,7,F82D
2,E749,LCALL,192E,4,F83F
2,E756,LCALL,16DC,12,FEEF
2,E77B,LCALL,1640,10,AD44
2,E782,LCALL,18C8,7,F82D
2,E787,LCALL,192E,4,F83F
2,E7B6,LCALL,186E,7,F2FC
2,EAC0,LCALL,0E7E,13,59EE
2,EAEA,LCALL,0E84,7,FCC7
2,EAFD,LCALL,0E8A,13,4FAA
2,EB02,LCALL,0E8A,13,4FAA
2,EB07,LCALL,0E90,13,6052
2,EB0F,LCALL,0E96,13,5E1F
2,EB24,LCALL,0E7E,13,59EE
2,EB75,LCALL,0E9C,13,4F15
2,EB8D,LCALL,0E9C,13,4F15
2,EBB4,LJMP,1B1A,11,FD9D
2,EF22,LJMP,1B14,11,FE5F
2,F002,LCALL,10F4,13,4767
2,F2D6,LCALL,186E,7,F2FC
2,F312,LCALL,1532,7,FED0
2,F31E,LCALL,0DAC,5,FBC3
2,F375,LCALL,15C2,8,DDB3
2,F397,LCALL,0DAC,5,FBC3
2,F4F3,LCALL,186E,7,F2FC
2,F4FB,LCALL,1532,7,FED0
2,F505,LCALL,0B84,5,F920
2,F50A,LCALL,0B84,5,F920
2,F50F,LCALL,0B84,5,F920
2,F514,LCALL,0B84,5,F920
2,F535,LCALL,1532,7,FED0
2,F53D,LCALL,1532,7,FED0
2,F547,LCALL,1532,7,FED0
2,F551,LCALL,1532,7,FED0
2,F561,LCALL,0B72,5,E671
2,FA62,LCALL,0B7E,5,E77F
2,FAF4,LJMP,0DAC,5,FBC3
2,FB65,LCALL,0DAC,5,FBC3
2,FBB7,LCALL,1940,9,F292
2,FBBA,LCALL,1514,9,FDBB
2,FBBF,LCALL,1946,9,FD38
2,FBD2,LCALL,186E,7,F2FC
2,FBDA,LCALL,186E,7,F2FC
2,FBE2,LCALL,18C8,7,F82D
2,FC4A,LCALL,15C2,8,DDB3
2,FD67,LCALL,0B72,5,E671
2,FE5E,LCALL,16DC,12,FEEF
3,00A1,LCALL,0DD6,4,F8A6
3,011A,LCALL,0DDC,4,F90A
3,01A2,LCALL,0DE2,5,C755
3,2A41,LJMP,1C40,0,FCF6
3,2B5D,LCALL,0B24,3,F763
3,2B65,LCALL,0B2A,3,FEE4
3,2B68,LCALL,0B30,6,F10D
3,2B7C,LCALL,0B36,7,6558
3,2B81,LCALL,0B3C,7,D736
3,2B84,LCALL,0B42,3,FE1B
3,2C3E,LCALL,0B48,6,C984
3,2C41,LCALL,0B4E,6,F9B7
3,2C49,LCALL,0B54,6,E5F5
3,DE7B,LCALL,1100,5,FA4A
3,DE84,LCALL,110C,5,C38B
3,DE9E,LCALL,10EE,5,F621
3,ECAF,LCALL,115A,6,FCC1
3,ED51,LCALL,115A,6,FCC1
3,F122,LCALL,1B3E,10,FBC9
3,F172,LCALL,1916,11,FCAE
3,F17B,LCALL,1B3E,10,FBC9
3,F189,LCALL,1B3E,10,FBC9
3,F197,LCALL,1B3E,10,FBC9
3,F1B9,LCALL,1B3E,10,FBC9
3,F1DB,LCALL,1B3E,10,FBC9
3,F1FD,LCALL,1B3E,10,FBC9
3,F20B,LCALL,1B3E,10,FBC9
3,F72F,LCALL,114E,8,FECB
3,F80A,LCALL,1148,8,BBD6
3,F9E0,LCALL,1172,8,EC19
3,F9FA,LCALL,1172,8,EC19
3,FA06,LCALL,1172,8,EC19
3,FAD4,LCALL,1166,8,EB30
3,FAE6,LCALL,116C,8,D428
3,FB9A,LCALL,1160,6,FCCE
3,FBDA,LCALL,0F3E,13,4CA4
3,FBF5,LCALL,0F3E,13,4CA4
3,FDF3,LCALL,1166,8,EB30
3,FE04,LCALL,116C,8,D428
3,FEF9,LJMP,0DE8,6,8C23
4,00A1,LCALL,0DD6,4,F8A6
4,011A,LCALL,0DDC,4,F90A
4,01A2,LCALL,0DE2,5,C755
4,050C,LCALL,14C6,0,FE6F
4,053A,LCALL,14CC,0,6C06
4,072A,LCALL,0FB0,8,EAFE
4,098D,LCALL,0F9E,0,FC1C
4,09B5,LCALL,0FA4,0,61BE
4,09BD,LCALL,0FAA,0,6DE5
4,2A41,LJMP,1C40,0,FCF6
4,2B5D,LCALL,0B24,3,F763
4,2B65,LCALL,0B2A,3,FEE4
4,2B68,LCALL,0B30,6,F10D
4,2B7C,LCALL,0B36,7,6558
4,2B81,LCALL,0B3C,7,D736
4,2B84,LCALL,0B42,3,FE1B
4,2C3E,LCALL,0B48,6,C984
4,2C41,LCALL,0B4E,6,F9B7
4,2C49,LCALL,0B54,6,E5F5
4,F203,LCALL,1B3E,10,FBC9
4,F253,LCALL,1916,11,FCAE
4,F25C,LCALL,1B3E,10,FBC9
4,F26A,LCALL,1B3E,10,FBC9
4,F278,LCALL,1B3E,10,FBC9
4,F29A,LCALL,1B3E,10,FBC9
4,F2BC,LCALL,1B3E,10,FBC9
4,F2DE,LCALL,1B3E,10,FBC9
4,F2EC,LCALL,1B3E,10,FBC9
4,F308,LCALL,1376,0,5757
4,F311,LCALL,1376,0,5757
4,F314,LCALL,16CA,8,B4CD
4,F317,LCALL,16D0,2,FED5
4,F31E,LCALL,16D6,12,FDC5
4,F346,LCALL,15C2,8,DDB3
4,F350,LCALL,16DC,12,FEEF
4,F353,LCALL,15CE,9,D6A7
4,F35A,LCALL,16A6,6,7E96
4,F38C,LCALL,162E,13,3DE6
4,F3B7,LCALL,16E2,5,E268
4,F445,LCALL,16E8,2,FC1B
4,F448,LCALL,16EE,9,FAA2
4,F453,LCALL,1376,0,5757
4,F463,LCALL,0B06,7,FE16
4,F466,LCALL,12C8,7,FD8F
4,F469,LCALL,177E,6,FE4F
4,F470,LCALL,1784,5,FC38
4,F479,LCALL,178A,6,FEF0
4,F47E,LCALL,11FC,7,9CB1
4,F484,LCALL,11F0,7,E6E6
4,F487,LCALL,11EA,7,F6CF
4,F48A,LCALL,11D2,7,FCD7
4,F48D,LCALL,1790,6,FE57
4,F4B0,LCALL,1796,6,AFFE
4,F4E3,LCALL,179C,8,EEC6
4,F4E6,LCALL,17A2,6,F3B1
4,F4EC,LCALL,17A8,5,FB11
4,F4F1,LCALL,17AE,6,FEC4
4,F507,LCALL,150E,6,CFBC
4,F50A,LCALL,17B4,2,FE36
4,F50D,LCALL,17BA,0,FA2A
4,F510,LCALL,17C0,0,FC8B
4,F513,LCALL,17C6,0,FE02
4,F516,LCALL,17CC,0,6D77
4,F519,LCALL,1628,13,65D3
4,F51C,LCALL,17D2,13,4BFE
4,F51F,LCALL,17D8,13,4B54
4,F522,LCALL,17DE,13,5470
4,F525,LCALL,1646,13,52E9
4,F52A,LCALL,17E4,13,5836
4,F52D,LCALL,17EA,8,E82B
4,F532,LCALL,164C,7,F7A4
4,F535,LCALL,17F0,7,F717
4,F5CE,LCALL,0C14,6,B283
4,F5D3,LCALL,0B06,7,FE16
4,F5E0,LCALL,0C14,6,B283
4,F5E5,LCALL,1700,7,FEDA
4,F5F0,LCALL,0B06,7,FE16
4,F5FA,LCALL,0B06,7,FE16
4,F601,LCALL,16A6,6,7E96
4,F604,LCALL,1700,7,FEDA
4,F60B,LCALL,16A6,6,7E96
4,F60E,LCALL,16AC,6,FC72
4,F613,LCALL,0EDE,13,6024
4,F61B,LCALL,0B06,7,FE16
4,F62B,LCALL,1820,6,FEF6
4,F63E,LCALL,0E8A,13,4FAA
4,F648,LCALL,1826,6,BFF3
4,F64D,LJMP,1604,7,FD62
4,F67F,LCALL,1838,13,3400
4,F692,LCALL,183E,11,F7A2
4,F69F,LCALL,183E,11,F7A2
4,F6B7,LCALL,183E,11,F7A2
4,F707,LCALL,11BA,5,FEA9
4,F711,LCALL,11F6,7,FDC3
4,F71E,LCALL,1256,7,F4F0
4,F721,LCALL,11BA,5,FEA9
4,F745,LCALL,1706,6,F42E
4,F74C,LCALL,161C,7,F8CB
4,F74F,LCALL,170C,6,F3DB
4,F752,LJMP,1712,6,BEF1
4,F7DB,LCALL,182C,0,FDD2
4,F7E4,LCALL,1664,9,FC11
4,F7EE,LCALL,15F8,10,F439
4,F7F3,LCALL,0B84,5,F920
4,F7F8,LCALL,0B84,5,F920
4,F7FD,LCALL,0B84,5,F920
4,F802,LCALL,0B84,5,F920
4,F807,LCALL,0B84,5,F920
4,F80C,LCALL,0B84,5,F920
4,F811,LCALL,0B84,5,F920
4,F816,LCALL,0B84,5,F920
4,F81B,LCALL,0B84,5,F920
4,F820,LCALL,0B84,5,F920
4,F825,LCALL,0B84,5,F920
4,F82A,LCALL,0B84,5,F920
4,F82D,LCALL,1832,12,FEAE
4,F832,LCALL,0B84,5,F920
4,F837,LCALL,0B84,5,F920
4,F83C,LJMP,0B84,5,F920
4,F844,LCALL,1724,12,FEE6
4,F889,LCALL,1532,7,FED0
4,F891,LJMP,172A,9,F5E8
4,F89F,LJMP,1730,9,FD03
4,F8A2,LCALL,1736,9,FC77
4,F981,LCALL,1802,6,C0F3
4,FA58,LCALL,171E,6,FA87
4,FA61,LCALL,17FC,7,FEF6
4,FA64,LCALL,11BA,5,FEA9
4,FA96,LCALL,1706,6,F42E
4,FA9D,LCALL,15FE,1,FA88
4,FAA7,LCALL,1808,6,D2C7
4,FAB3,LCALL,180E,13,569D
4,FAB6,LCALL,1814,6,FDA9
4,FAC2,LCALL,1568,13,5C72
4,FACD,LCALL,156E,13,5CF4
4,FAD0,LJMP,181A,13,5948
4,FB04,LJMP,171E,6,FA87
4,FB60,LJMP,17F6,13,43C2
4,FB66,LCALL,1250,13,5631
4,FB77,LCALL,0B06,7,FE16
4,FB7A,LCALL,173C,5,FE08
4,FB7F,LCALL,1532,7,FED0
4,FB87,LCALL,1742,5,FE87
4,FC5B,LCALL,17E4,13,5836
4,FC81,LJMP,171E,6,FA87
4,FC86,LCALL,0C14,6,B283
4,FC89,LCALL,16FA,7,FCB7
4,FC90,LCALL,1700,7,FEDA
4,FC98,LCALL,0C14,6,B283
4,FC9B,LCALL,12BC,7,FD9D
4,FCA2,LCALL,1742,5,FE87
4,FCAA,LCALL,157A,5,F7C5
4,FCAD,LCALL,174E,5,FABF
4,FCB7,LCALL,1754,5,FD0C
4,FCBC,LCALL,175A,5,FD34
4,FCC0,LCALL,0B06,7,FE16
4,FCC3,LCALL,1772,5,F15D
4,FCC8,LCALL,11F6,7,FDC3
4,FCCE,LCALL,0B06,7,FE16
4,FCD1,LCALL,1778,5,F5EE
4,FCFA,LCALL,11BA,5,FEA9
4,FD02,LCALL,11F6,7,FDC3
4,FD0A,LCALL,1490,13,66EF
4,FD65,LJMP,1760,8,EC73
4,FD68,LCALL,1766,8,EA95
4,FD70,LCALL,176C,6,FEF9
4,FD89,LCALL,0E72,7,FDB7
4,FE1C,LJMP,0C14,6,B283
4,FE22,LCALL,0B06,7,FE16
4,FE65,LCALL,158C,0,FE91
4,FE7C,LCALL,1748,6,FA22
4,FE8D,LJMP,0DAC,5,FBC3
4,FE94,LJMP,16F4,2,FA66
4,FE9B,LJMP,0DAC,5,FBC3
4,FEA2,LJMP,0DAC,5,FBC3
4,FEA9,LJMP,0DAC,5,FBC3
4,FED0,LCALL,11F6,7,FDC3
4,FED4,LCALL,0B06,7,FE16
4,FEE1,LJMP,1718,6,7B97
5,00A1,LCALL,0DD6,4,F8A6
5,011A,LCALL,0DDC,4,F90A
5,01A2,LCALL,0DE2,5,C755
5,2A41,LJMP,1C40,0,FCF6
5,2B5D,LCALL,0B24,3,F763
5,2B65,LCALL,0B2A,3,FEE4
5,2B68,LCALL,0B30,6,F10D
5,2B7C,LCALL,0B36,7,6558
5,2B81,LCALL,0B3C,7,D736
5,2B84,LCALL,0B42,3,FE1B
5,2C3E,LCALL,0B48,6,C984
5,2C41,LCALL,0B4E,6,F9B7
5,2C49,LCALL,0B54,6,E5F5
5,AE5A,LCALL,0E8A,13,4FAA
5,B102,LCALL,0F62,7,FE7F
5,B107,LCALL,0E8A,13,4FAA
5,B10A,LCALL,0F68,7,B0CA
5,B115,LCALL,0F6E,7,FBFA
5,B341,LCALL,0F74,7,DC91
5,B377,LCALL,0F62,7,FE7F
5,B385,LCALL,0E90,13,6052
5,B3BA,LCALL,0E96,13,5E1F
5,B922,LCALL,0F2C,13,599D
5,B9CF,LCALL,0F2C,13,599D
5,BA09,LCALL,0F86,13,640C
5,BA59,LCALL,0F86,13,640C
5,BA79,LCALL,0F86,13,640C
5,BA91,LCALL,0F2C,13,599D
5,BA9C,LJMP,0F86,13,640C
5,BAA5,LCALL,0F86,13,640C
5,BAAF,LCALL,0F86,13,640C
5,BAB9,LCALL,0F86,13,640C
5,BAC3,LCALL,0F2C,13,599D
5,BACD,LCALL,0F86,13,640C
5,BAD7,LCALL,0F2C,13,599D
5,BAE1,LCALL,0F86,13,640C
5,BAEB,LCALL,0F2C,13,599D
5,BAF5,LCALL,0F86,13,640C
5,BAFF,LCALL,0F2C,13,599D
5,BB07,LCALL,0F86,13,640C
5,BB11,LCALL,0F2C,13,599D
5,BB19,LCALL,0F86,13,640C
5,BB21,LCALL,0F2C,13,599D
5,BB29,LCALL,0F86,13,640C
5,BB31,LCALL,0F2C,13,599D
5,BB39,LCALL,0F86,13,640C
5,BB41,LCALL,0F2C,13,599D
5,BB4E,LCALL,0F86,13,640C
5,BB52,LCALL,1136,8,88ED
5,BB5A,LCALL,0F92,6,FE90
5,BB79,LCALL,0F92,6,FE90
5,C7F2,LCALL,105E,3,F66C
5,C7F9,LCALL,1064,7,FAD1
5,C817,LCALL,106A,6,B148
5,CF00,LCALL,0F86,13,640C
5,CF42,LCALL,0F2C,13,599D
5,CF64,LCALL,0F2C,13,599D
5,CF79,LJMP,0F2C,13,599D
5,CF85,LCALL,0F2C,13,599D
5,CF8F,LCALL,0F2C,13,599D
5,CF97,LCALL,0F2C,13,599D
5,CFAC,LCALL,0F2C,13,599D
5,CFFA,LCALL,1130,6,FE2F
5,D002,LCALL,0F92,6,FE90
5,D00A,LCALL,0F92,6,FE90
5,D07D,LCALL,0F92,6,FE90
5,D3CE,LCALL,0EFC,8,A1DD
5,D5AE,LCALL,0F92,6,FE90
5,D609,LCALL,0F92,6,FE90
5,D784,LJMP,1B1A,11,FD9D
5,D984,LCALL,0F80,8,E86E
5,D9B3,LCALL,0F80,8,E86E
5,DAFB,LCALL,0F7A,1,FED4
5,DB00,LCALL,1C2E,13,6763
5,DB87,LCALL,0F3E,13,4CA4
5,DC8A,LJMP,1B14,11,FE5F
5,E58A,LCALL,0E66,13,5F62
5,E5A2,LCALL,0F2C,13,599D
5,E8A9,LCALL,0AE8,4,FB6A
5,E8E5,LCALL,0AE8,4,FB6A
5,EA44,LCALL,0DBE,4,EC1F
5,EC0F,LCALL,0F2C,13,599D
5,ED22,LCALL,10AC,6,FC56
5,ED96,LCALL,10B2,6,FC64
5,EF94,LCALL,10A6,6,FE7D
5,EFE6,LJMP,0F2C,13,599D
5,F07C,LCALL,0AEE,4,FEB3
5,F093,LCALL,0AEE,4,FEB3
5,F0AD,LCALL,0AEE,4,FEB3
5,F113,LCALL,0F92,6,FE90
5,F1A8,LCALL,0B00,4,FE22
5,F1AD,LCALL,0B06,7,FE16
5,F1DA,LCALL,0B00,4,FE22
5,F1DF,LCALL,0B06,7,FE16
5,F39A,LCALL,0E66,13,5F62
5,F439,LCALL,0EFC,8,A1DD
5,F466,LJMP,0F2C,13,599D
5,F486,LCALL,113C,7,FD17
5,F610,LCALL,0F3E,13,4CA4
5,F7CA,LCALL,0AF4,4,FD5E
5,F7DF,LCALL,0AF4,4,FD5E
5,F7E3,LCALL,0AFA,4,FE77
5,F8AF,LJMP,0B12,8,F263
5,FCC7,LCALL,109A,6,F5B6
5,FCCC,LCALL,10A0,6,D98C
5,FD5D,LCALL,0B00,4,FE22
5,FD62,LCALL,0B06,7,FE16
5,FD86,LCALL,14E4,4,FD74
5,FE05,LJMP,0F2C,13,599D
5,FE21,LJMP,0ED8,13,625F
5,FE49,LCALL,0B0C,4,FCC0
5,FE73,LCALL,14D8,4,FE6E
5,FE7D,LCALL,14DE,4,FEAC
6,00A1,LCALL,0DD6,4,F8A6
6,011A,LCALL,0DDC,4,F90A
6,01A2,LCALL,0DE2,5,C755
6,050C,LCALL,14C6,0,FE6F
6,053A,LCALL,14CC,0,6C06
6,072A,LCALL,0FB0,8,EAFE
6,098D,LCALL,0F9E,0,FC1C
6,09B5,LCALL,0FA4,0,61BE
6,09BD,LCALL,0FAA,0,6DE5
6,2A41,LJMP,1C40,0,FCF6
6,2B5D,LCALL,0B24,3,F763
6,2B65,LCALL,0B2A,3,FEE4
6,2B68,LCALL,0B30,6,F10D
6,2B7C,LCALL,0B36,7,6558
6,2B81,LCALL,0B3C,7,D736
6,2B84,LCALL,0B42,3,FE1B
6,2C3E,LCALL,0B48,6,C984
6,2C41,LCALL,0B4E,6,F9B7
6,2C49,LCALL,0B54,6,E5F5
6,713B,LCALL,10EE,5,F621
6,7415,LCALL,1100,5,FA4A
6,74A9,LCALL,1106,5,EE16
6,74EF,LCALL,110C,5,C38B
6,753D,LCALL,10EE,5,F621
6,7542,LCALL,1100,5,FA4A
6,7548,LCALL,10EE,5,F621
6,75D4,LCALL,110C,5,C38B
6,77AA,LCALL,110C,5,C38B
6,780F,LCALL,110C,5,C38B
6,788E,LCALL,110C,5,C38B
6,78A7,LCALL,10EE,5,F621
6,7A14,LCALL,1118,3,F980
6,7BA8,LCALL,11F6,7,FDC3
6,7BAE,LCALL,11F6,7,FDC3
6,83F9,LCALL,0B7E,5,E77F
6,8586,LCALL,10CA,5,FD9E
6,859B,LJMP,0B7E,5,E77F
6,85A7,LCALL,10FA,5,F944
6,85AE,LCALL,10FA,5,F944
6,888D,LCALL,11F6,7,FDC3
6,8993,LCALL,0E8A,13,4FAA
6,8A03,LCALL,152C,2,E597
6,8A08,LCALL,1412,13,6661
6,8A0D,LJMP,1418,13,6674
6,8A14,LCALL,152C,2,E597
6,8DB0,LCALL,1004,7,FE70
6,8DFE,LCALL,100A,7,EDD9
6,8E10,LCALL,0DAC,5,FBC3
6,8E1A,LCALL,1010,7,E5DB
6,8F7D,LCALL,1112,5,F98A
6,9744,LCALL,12B6,7,FBBB
6,974C,LCALL,12BC,7,FD9D
6,9754,LCALL,12C2,7,FEA0
6,975C,LCALL,12C8,7,FD8F
6,9761,LCALL,0B6C,5,FA69
6,976E,LCALL,12CE,13,658E
6,97AC,LCALL,12D4,5,EDA5
6,97B5,LCALL,12DA,8,EFED
6,97BC,LCALL,0DFA,8,F297
6,97C1,LCALL,12E0,8,F7B5
6,97C6,LCALL,12E6,8,EE80
6,97CB,LCALL,12EC,8,F315
6,97D0,LCALL,12F2,8,F7C5
6,97D7,LCALL,12F8,8,F2B1
6,97DE,LCALL,12FE,8,EEE8
6,97E3,LCALL,1304,8,F152
6,97F6,LCALL,11F6,7,FDC3
6,97FB,LCALL,130A,4,FA13
6,980A,LCALL,1310,4,FE5B
6,9813,LCALL,1316,7,FDD9
6,9816,LCALL,131C,7,FEBE
6,9840,LCALL,104C,7,CC1C
6,9845,LCALL,104C,7,CC1C
6,9868,LCALL,1322,8,EC46
6,988B,LCALL,10F4,13,4767
6,9890,LCALL,1328,0,FDB1
6,9895,LCALL,0C9E,4,FEED
6,98D7,LCALL,1346,2,FEFD
6,9901,LCALL,134C,2,FEF8
6,9904,LCALL,1352,4,FE9E
6,9909,LCALL,1358,2,FEEA
6,990E,LCALL,134C,2,FEF8
6,9911,LCALL,135E,4,FEA5
6,9916,LCALL,1364,2,F152
6,991B,LCALL,136A,2,FE62
6,993A,LCALL,1346,2,FEFD
6,994F,LCALL,1358,2,FEEA
6,9959,LCALL,1370,5,FD47
6,9966,LCALL,0DAC,5,FBC3
6,996F,LCALL,0B7E,5,E77F
6,9978,LCALL,1376,0,5757
6,9987,LCALL,0DAC,5,FBC3
6,9997,LCALL,134C,2,FEF8
6,99B3,LCALL,1352,4,FE9E
6,99B8,LCALL,1358,2,FEEA
6,99C6,LCALL,0B84,5,F920
6,99CA,LCALL,137C,4,FE97
6,99D7,LCALL,0DAC,5,FBC3
6,99E0,LCALL,0B7E,5,E77F
6,99E9,LCALL,1376,0,5757
6,99F8,LCALL,0DAC,5,FBC3
6,9A14,LCALL,0DAC,5,FBC3
6,9A19,LCALL,0B84,5,F920
6,9A24,LCALL,0DAC,5,FBC3
6,9A2F,LCALL,1370,5,FD47
6,9A38,LCALL,1382,4,FE89
6,9A3D,LCALL,134C,2,FEF8
6,9A40,LCALL,1388,2,FAAF
6,9A43,LCALL,138E,4,FE90
6,9A46,LCALL,1394,2,FB37
6,9A4C,LCALL,1358,2,FEEA
6,9A51,LCALL,134C,2,FEF8
6,9A55,LCALL,0B7E,5,E77F
6,9AEF,LCALL,0DFA,8,F297
6,9BFE,LCALL,1052,7,D0A6
6,9C0B,LCALL,1052,7,D0A6
6,9C94,LCALL,1052,7,D0A6
6,9D24,LCALL,1052,7,D0A6
6,9D32,LCALL,1052,7,D0A6
6,9D67,LCALL,1052,7,D0A6
6,9D83,LCALL,1052,7,D0A6
6,9EF0,LCALL,10F4,13,4767
6,9F00,LCALL,10F4,13,4767
6,9F0E,LCALL,10F4,13,4767
6,A0BF,LCALL,10EE,5,F621
6,A4B3,LCALL,1118,3,F980
6,A819,LCALL,103A,7,EA3A
6,A821,LCALL,1040,8,FE80
6,A84B,LCALL,0FF2,12,F747
6,A861,LCALL,0FF2,12,F747
6,A866,LCALL,1046,12,FA57
6,A898,LCALL,0FF2,12,F747
6,A8AE,LCALL,0FF2,12,F747
6,A8D1,LCALL,104C,7,CC1C
6,A8D6,LCALL,1046,12,FA57
6,A8FE,LCALL,0FF2,12,F747
6,A90D,LCALL,0FF2,12,F747
6,A937,LCALL,104C,7,CC1C
6,A93C,LCALL,1046,12,FA57
6,A94F,LCALL,0FF2,12,F747
6,ACAD,LCALL,10E2,8,D5B4
6,B0DB,LCALL,14C0,0,FA7C
6,B111,LCALL,0F8C,0,5CF9
6,B191,LCALL,1124,5,F4EB
6,B1BD,LCALL,112A,5,ED31
6,B1F2,LCALL,1124,5,F4EB
6,B4E5,LCALL,0DAC,5,FBC3
6,B50F,LCALL,10B8,5,CD6B
6,B51B,LCALL,10BE,5,F588
6,B531,LJMP,0B7E,5,E77F
6,B53A,LCALL,10C4,5,F235
6,B579,LCALL,10CA,5,FD9E
6,B5AE,LCALL,10D0,5,EF43
6,B5D2,LCALL,10D6,5,F83F
6,B5D7,LCALL,10DC,5,F817
6,B5EB,LCALL,10E2,8,D5B4
6,B77F,LCALL,11DE,7,FD35
6,B789,LCALL,11E4,7,D859
6,B78C,LCALL,11D8,7,FE8D
6,B7BB,LCALL,11F6,7,FDC3
6,B7BE,LCALL,11FC,7,9CB1
6,B7C9,LCALL,1202,7,FCE7
6,B815,LCALL,1202,7,FCE7
6,B824,LCALL,1208,7,F3E6
6,B829,LCALL,0E54,7,FBA5
6,B832,LCALL,1202,7,FCE7
6,B84C,LCALL,0E8A,13,4FAA
6,B851,LCALL,11E4,7,D859
6,B855,LCALL,1202,7,FCE7
6,B9CF,LCALL,15C8,8,D93C
6,B9D2,LCALL,15CE,9,D6A7
6,B9FB,LCALL,15D4,10,E3DD
6,B9FE,LCALL,15DA,8,D6BA
6,BA26,LCALL,12B6,7,FBBB
6,BA30,LCALL,15E0,4,FED4
6,BA4D,LCALL,15BC,13,63A5
6,BA50,LCALL,1532,7,FED0
6,BA58,LCALL,11BA,5,FEA9
6,BA8A,LCALL,15C2,8,DDB3
6,BA8D,LCALL,15E6,8,CE46
6,BA90,LCALL,15EC,8,D530
6,BA93,LCALL,15F2,8,E679
6,BB27,LCALL,1190,13,63C8
6,BB36,LCALL,1196,13,5E58
6,BB3B,LCALL,0E8A,13,4FAA
6,BB92,LCALL,1190,13,63C8
6,BB97,LCALL,0ED2,13,66CE
6,BBB3,LCALL,0ED8,13,625F
6,BBB6,LJMP,0ECC,5,FE16
6,BCE8,LCALL,1052,7,D0A6
6,BD1C,LCALL,1052,7,D0A6
6,BDC0,LCALL,0F2C,13,599D
6,BDCB,LCALL,0DAC,5,FBC3
6,BDD2,LJMP,1058,7,F0F4
6,BDDB,LCALL,0F2C,13,599D
6,BEF3,LCALL,1592,13,6837
6,BF13,LCALL,140C,1,FD3B
6,BF16,LCALL,1598,8,CC40
6,BF19,LCALL,159E,8,D02D
6,BF1C,LCALL,15A4,8,ECA0
6,BF1F,LCALL,1532,7,FED0
6,BF65,LCALL,140C,1,FD3B
6,BF6A,LCALL,1400,13,5F2E
6,BF6F,LCALL,1406,13,5C30
6,BF7D,LCALL,1406,13,5C30
6,BF89,LCALL,1400,13,5F2E
6,BFD3,LCALL,0B06,7,FE16
6,BFE5,LCALL,13C4,13,6747
6,BFF0,LJMP,1592,13,6837
6,C005,LCALL,1568,13,5C72
6,C010,LCALL,156E,13,5CF4
6,C0F0,LJMP,1574,1,FB5F
6,C662,LCALL,121A,4,FD2E
6,C687,LCALL,1220,4,FB98
6,C72A,LCALL,1226,4,FEFA
6,C743,LCALL,1916,11,FCAE
6,C748,LCALL,0E8A,13,4FAA
6,C786,LJMP,1916,11,FCAE
6,C800,LCALL,1532,7,FED0
6,C80D,LCALL,12B6,7,FBBB
6,C823,LCALL,15AA,5,E1CF
6,C840,LCALL,15B0,8,DBFB
6,C843,LCALL,15B6,12,FE84
6,C85D,LCALL,1532,7,FED0
6,C865,LCALL,1532,7,FED0
6,C87B,LCALL,15BC,13,63A5
6,C87E,LCALL,1532,7,FED0
6,C886,LCALL,11BA,5,FEA9
6,C8B7,LCALL,15C2,8,DDB3
6,C936,LCALL,158C,0,FE91
6,C967,LJMP,0B72,5,E671
6,C96E,LCALL,0B7E,5,E77F
6,CA91,LCALL,11DE,7,FD35
6,CA98,LCALL,11E4,7,D859
6,CA9B,LCALL,11CC,7,F56E
6,CAAB,LCALL,11BA,5,FEA9
6,CAB3,LCALL,11BA,5,FEA9
6,CAB9,LCALL,11EA,7,F6CF
6,CAF6,LCALL,11F0,7,E6E6
6,CAFB,LCALL,0E54,7,FBA5
6,CB00,LCALL,11E4,7,D859
6,CF33,LCALL,11D2,7,FCD7
6,CF43,LCALL,11D2,7,FCD7
6,D0A0,LCALL,0DAC,5,FBC3
6,D0EE,LCALL,0DAC,5,FBC3
6,D24B,LCALL,0FB6,8,F7F5
6,D264,LCALL,0FBC,8,F249
6,D28D,LCALL,0FC2,8,8FF6
6,D29A,LCALL,0FC8,8,FAEF
6,D2A5,LCALL,0FCE,8,FE9B
6,D2B3,LCALL,0FD4,8,FC74
6,D33B,LCALL,1538,1,FAF7
6,D350,LCALL,1400,13,5F2E
6,D35B,LCALL,140C,1,FD3B
6,D4EC,LCALL,10E8,5,F5BB
6,D4F1,LCALL,10EE,5,F621
6,D59B,LCALL,1052,7,D0A6
6,D65F,LCALL,10D6,5,F83F
6,D668,LCALL,0DAC,5,FBC3
6,D6CB,LCALL,0B84,5,F920
6,D893,LCALL,1052,7,D0A6
6,D8C9,LCALL,1052,7,D0A6
6,DA4D,LCALL,1532,7,FED0
6,DA5E,LCALL,0DAC,5,FBC3
6,DA67,LCALL,0B7E,5,E77F
6,DA70,LCALL,1376,0,5757
6,DA7F,LCALL,0DAC,5,FBC3
6,DB9B,LCALL,1052,7,D0A6
6,DBD8,LCALL,1052,7,D0A6
6,DC5F,LCALL,0B7E,5,E77F
6,DCE3,LCALL,120E,4,FC13
6,DD11,LCALL,1214,7,FEDF
6,DD3A,LCALL,1214,7,FEDF
6,DD5A,LCALL,10FA,5,F944
6,DD65,LCALL,10D6,5,F83F
6,DDAF,LCALL,10CA,5,FD9E
6,DDBE,LCALL,0DAC,5,FBC3
6,DF70,LCALL,0E18,4,FE2E
6,DFB3,LCALL,0F7A,1,FED4
6,E112,LCALL,1262,13,67C8
6,E24A,LCALL,0E30,8,D30C
6,E26F,LCALL,0E30,8,D30C
6,E284,LCALL,0B72,5,E671
6,E29E,LCALL,11D2,7,FCD7
6,E2AE,LCALL,11D2,7,FCD7
6,E2BF,LCALL,11D8,7,FE8D
6,E2CE,LCALL,11D8,7,FE8D
6,E3B9,LCALL,0E2A,4,FDB0
6,E560,LCALL,110C,5,C38B
6,E571,LCALL,10E8,5,F5BB
6,E58F,LCALL,10EE,5,F621
6,E594,LCALL,1100,5,FA4A
6,E5BF,LCALL,0E0C,5,FD7D
6,E5C2,LCALL,0E12,5,FEE2
6,E639,LCALL,144E,0,6A67
6,E63E,LCALL,1454,4,FE51
6,E6F4,LCALL,1268,7,FEEC
6,E6FA,LCALL,126E,3,FBC1
6,E6FF,LCALL,1274,4,FCDE
6,E714,LCALL,127A,4,F968
6,E726,LCALL,127A,4,F968
6,E731,LCALL,1280,4,FEB9
6,E73E,LCALL,1286,7,E7EC
6,E837,LCALL,0B78,4,FDD6
6,E841,LCALL,13F4,4,FCA2
6,E844,LCALL,13FA,4,F7D4
6,E849,LCALL,13DC,13,61E8
6,E84E,LCALL,1400,13,5F2E
6,E853,LCALL,1406,13,5C30
6,E858,LCALL,13C4,13,6747
6,E85F,LCALL,140C,1,FD3B
6,E864,LCALL,1412,13,6661
6,E869,LCALL,1418,13,6674
6,E86E,LCALL,13E2,13,5DE5
6,E873,LCALL,13E8,1,FEC1
6,E87A,LCALL,1250,13,5631
6,E87F,LCALL,141E,13,65A6
6,E884,LJMP,1424,13,66AB
6,E90D,LCALL,0E3C,8,FECF
6,E912,LCALL,0B7E,5,E77F
6,E917,LCALL,0E42,8,C34B
6,E9A3,LCALL,1124,5,F4EB
6,EA12,LCALL,11F6,7,FDC3
6,EA21,LCALL,1436,7,FE1F
6,EA2F,LCALL,1436,7,FE1F
6,EA3D,LCALL,0B06,7,FE16
6,EA40,LCALL,143C,7,FA52
6,EA47,LCALL,1436,7,FE1F
6,EA55,LCALL,1442,4,FD15
6,EAAF,LCALL,1532,7,FED0
6,EAB7,LCALL,1532,7,FED0
6,EB09,LCALL,0E8A,13,4FAA
6,EB14,LCALL,152C,2,E597
6,EB34,LJMP,152C,2,E597
6,EB8F,LCALL,11CC,7,F56E
6,EBA4,LCALL,11CC,7,F56E
6,EC11,LCALL,13AC,4,FEF3
6,EC1B,LCALL,0E8A,13,4FAA
6,EC26,LCALL,13B2,4,FE80
6,EC31,LCALL,13B8,13,6614
6,EC34,LCALL,13BE,13,5F93
6,EC39,LCALL,13C4,13,6747
6,EC3C,LCALL,13CA,13,644D
6,EC3F,LCALL,13D0,4,F6D4
6,EC42,LCALL,13D6,13,42C8
6,EC47,LCALL,13DC,13,61E8
6,EC4F,LCALL,13E2,13,5DE5
6,EC54,LCALL,13E8,1,FEC1
6,EC6D,LCALL,0FE6,8,FE64
6,EC7D,LCALL,0FEC,7,DE87
6,EC8D,LCALL,0FEC,7,DE87
6,ECE8,LCALL,122C,4,FD89
6,ECEB,LCALL,0E72,7,FDB7
6,ECF3,LCALL,0E72,7,FDB7
6,ECFF,LCALL,0E72,7,FDB7
6,ED1D,LCALL,1232,1,FBC6
6,ED2F,LCALL,0E18,4,FE2E
6,ED44,LCALL,0E1E,4,FE07
6,EDFF,LCALL,0FB6,8,F7F5
6,EE1D,LCALL,0FCE,8,FE9B
6,EF16,LCALL,153E,13,4914
6,F012,LCALL,0B7E,5,E77F
6,F01C,LCALL,10D6,5,F83F
6,F112,LCALL,1094,5,F9AC
6,F217,LCALL,10BE,5,F588
6,F230,LCALL,10BE,5,F588
6,F25B,LCALL,14AE,4,FB07
6,F305,LCALL,101C,8,F804
6,F30C,LCALL,1022,7,CA7F
6,F30F,LCALL,1028,7,FDF9
6,F360,LCALL,0B84,5,F920
6,F365,LCALL,0B84,5,F920
6,F36A,LCALL,0B84,5,F920
6,F36F,LCALL,0B84,5,F920
6,F374,LCALL,0F98,5,FBF3
6,F379,LCALL,0F98,5,FBF3
6,F37E,LCALL,0F98,5,FBF3
6,F383,LJMP,0F98,5,FBF3
6,F3B1,LCALL,11BA,5,FEA9
6,F3B9,LCALL,148A,4,FCFA
6,F3BC,LCALL,1490,13,66EF
6,F3C6,LCALL,1490,13,66EF
6,F3D7,LCALL,148A,4,FCFA
6,F3DF,LCALL,1544,13,633B
6,F3E6,LCALL,154A,13,5FF5
6,F3ED,LCALL,1550,13,6317
6,F3F4,LCALL,1556,13,648C
6,F3FB,LCALL,155C,13,63EA
6,F402,LJMP,1562,0,6E50
6,F43A,LCALL,1244,3,FEFC
6,F441,LCALL,124A,4,FB39
6,F449,LCALL,1250,13,5631
6,F454,LJMP,1256,7,F4F0
6,F4BB,LCALL,14B4,4,FDC3
6,F65A,LCALL,0DF4,5,CFB0
6,F670,LCALL,0E48,4,FEFE
6,F868,LJMP,0EBA,8,EE13
6,F879,LCALL,0FF8,7,9E65
6,F881,LJMP,0FFE,7,C62E
6,F91E,LCALL,0E36,4,FECB
6,F99E,LJMP,125C,13,4E80
6,F9BC,LCALL,145A,4,FD9D
6,FA5C,LJMP,0ECC,5,FE16
6,FA5F,LCALL,139A,4,FEE4
6,FA62,LCALL,0EDE,13,6024
6,FA65,LCALL,0B06,7,FE16
6,FA6D,LCALL,13A0,4,FA5C
6,FA70,LJMP,13A6,4,FEFB
6,FA97,LCALL,0E78,13,54E4
6,FAF6,LCALL,130A,4,FA13
6,FB2F,LCALL,1238,13,67DD
6,FB3D,LJMP,123E,13,65E9
6,FBAD,LCALL,12E0,8,F7B5
6,FBB9,LCALL,12BC,7,FD9D
6,FBBE,LJMP,12B6,7,FBBB
6,FBCC,LCALL,0B7E,5,E77F
6,FBDB,LCALL,0B7E,5,E77F
6,FC2A,LCALL,132E,4,FA9A
6,FC2D,LCALL,1334,1,FEF8
6,FC33,LCALL,133A,7,F38B
6,FC3E,LCALL,1472,9,FB97
6,FC41,LCALL,1478,7,FE40
6,FC74,LCALL,14D2,4,FEF5
6,FCE2,LJMP,149C,4,FE46
6,FCF9,LCALL,0E00,5,FEE8
6,FCFC,LCALL,0E4E,5,F10C
6,FD4D,LCALL,0B84,5,F920
6,FD58,LCALL,0B84,5,F920
6,FD63,LCALL,0E24,8,FED3
6,FDA6,LJMP,14D2,4,FEF5
6,FDB1,LJMP,1586,13,5DAB
6,FDFF,LCALL,1016,7,EBC4
6,FE21,LCALL,147E,4,F45B
6,FE24,LJMP,1484,4,F2F5
6,FE47,LCALL,1448,7,E8EF
6,FE4F,LCALL,1310,4,FE5B
6,FE54,LJMP,157A,5,F7C5
6,FE5C,LJMP,12E0,8,F7B5
6,FE9C,LCALL,142A,4,FEF9
6,FEA5,LJMP,1430,4,FEE1
6,FECE,LCALL,1340,4,FEF7
6,FED2,LCALL,14A2,4,FE3A
6,FED6,LCALL,14A8,4,FEC5
6,FEDE,LJMP,0FDA,8,E593
6,FEE1,LJMP,128C,13,393C
6,FEE4,LJMP,13EE,4,F5CC
6,FEE7,LJMP,1460,4,FC5F
6,FEEA,LJMP,1466,4,FAD3
6,FEED,LJMP,146C,8,E17B
6,FEF0,LJMP,12DA,8,EFED
6,FEF3,LJMP,1496,4,FEFD
6,FEF6,LJMP,14BA,10,FB63
6,FEF9,LJMP,1580,8,D4AC
7,00A1,LCALL,0DD6,4,F8A6
7,011A,LCALL,0DDC,4,F90A
7,01A2,LCALL,0DE2,5,C755
7,2A41,LJMP,1C40,0,FCF6
7,2B5D,LCALL,0B24,3,F763
7,2B65,LCALL,0B2A,3,FEE4
7,2B68,LCALL,0B30,6,F10D
7,2B7C,LCALL,0B36,7,6558
7,2B81,LCALL,0B3C,7,D736
7,2B84,LCALL,0B42,3,FE1B
7,2C3E,LCALL,0B48,6,C984
7,2C41,LCALL,0B4E,6,F9B7
7,2C49,LCALL,0B54,6,E5F5
7,6EA4,LCALL,0E66,13,5F62
7,7181,LCALL,0DAC,5,FBC3
7,7227,LCALL,0DAC,5,FBC3
7,72E4,LCALL,0E90,13,6052
7,72EC,LCALL,0E96,13,5E1F
7,73E7,LCALL,0E7E,13,59EE
7,748F,LCALL,0E8A,13,4FAA
7,7531,LCALL,0E8A,13,4FAA
7,7555,LJMP,0F32,13,6191
7,75BD,LCALL,0F32,13,6191
7,75C7,LCALL,0E8A,13,4FAA
7,75D8,LCALL,0E8A,13,4FAA
7,75DD,LCALL,0E8A,13,4FAA
7,799A,LCALL,18BC,13,6803
7,799F,LCALL,1928,13,459F
7,79A4,LCALL,18DA,13,663B
7,79BD,LCALL,15FE,1,FA88
7,79D4,LCALL,1B4A,13,5EFA
7,79E6,LCALL,1BFE,13,646D
7,7A12,LCALL,1910,13,536D
7,7A17,LCALL,0EC0,13,672B
7,7A1C,LCALL,1B56,13,67FA
7,7A55,LCALL,1916,11,FCAE
7,7A72,LCALL,1B4A,13,5EFA
7,7ABC,LCALL,17CC,0,6D77
7,7AD1,LCALL,1712,6,BEF1
7,7AD9,LCALL,159E,8,D02D
7,7AF7,LCALL,159E,8,D02D
7,7B15,LCALL,159E,8,D02D
7,7B33,LCALL,159E,8,D02D
7,7B51,LCALL,159E,8,D02D
7,7B7E,LCALL,159E,8,D02D
7,7BC0,LCALL,1598,8,CC40
7,7BDD,LCALL,19A0,12,FEFB
7,7BFE,LCALL,1C04,6,FEB4
7,7C3F,LCALL,1ADE,9,C744
7,7C49,LCALL,1ADE,9,C744
7,7C4C,LJMP,1B5C,13,670E
7,7C92,LCALL,1598,8,CC40
7,7FCE,LCALL,0F3E,13,4CA4
7,8208,LCALL,0F3E,13,4CA4
7,824E,LCALL,0DAC,5,FBC3
7,83C9,LCALL,11C0,6,BCCE
7,844E,LCALL,0F2C,13,599D
7,845E,LCALL,0F2C,13,599D
7,8479,LCALL,0F2C,13,599D
7,86D6,LJMP,1AC0,13,36BB
7,8724,LCALL,0EFC,8,A1DD
7,87DF,LCALL,0F86,13,640C
7,8814,LCALL,0EFC,8,A1DD
7,8864,LCALL,0F86,13,640C
7,887F,LCALL,0F86,13,640C
7,88C2,LCALL,0F86,13,640C
7,88D4,LCALL,0F86,13,640C
7,88E5,LCALL,0F86,13,640C
7,88EE,LCALL,0F86,13,640C
7,88F6,LCALL,0F86,13,640C
7,8901,LCALL,0F86,13,640C
7,890A,LCALL,0F86,13,640C
7,8911,LCALL,0F86,13,640C
7,8921,LCALL,0F86,13,640C
7,8E2C,LCALL,0D94,6,FC9A
7,8E42,LCALL,0C98,4,FEEA
7,8E50,LCALL,0B72,5,E671
7,8E57,LCALL,0D9A,5,F88D
7,8E5E,LCALL,0DA0,8,FE3B
7,8E63,LCALL,0DA6,8,FE77
7,8F09,LCALL,0DAC,5,FBC3
7,8F71,LCALL,0DB2,6,F0A3
7,8F88,LCALL,0DB8,6,F4F6
7,8F99,LCALL,0DAC,5,FBC3
7,9234,LCALL,0E66,13,5F62
7,9248,LCALL,0B72,5,E671
7,9344,LCALL,11C6,6,9BFC
7,9377,LCALL,0E66,13,5F62
7,940D,LCALL,0EFC,8,A1DD
7,9500,LCALL,0EFC,8,A1DD
7,9556,LCALL,0F86,13,640C
7,956B,LCALL,0F86,13,640C
7,9589,LCALL,0F86,13,640C
7,9593,LCALL,0F86,13,640C
7,959D,LCALL,0F86,13,640C
7,95A6,LCALL,0F86,13,640C
7,95AE,LCALL,0F86,13,640C
7,95B5,LCALL,0F86,13,640C
7,95B9,LCALL,0C1A,6,F688
7,95E0,LCALL,0C20,5,FE7D
7,9672,LCALL,0C26,5,FDBE
7,9683,LCALL,0C2C,5,FE73
7,96BB,LCALL,0C32,4,FE65
7,96D0,LCALL,0C32,4,FE65
7,96ED,LCALL,0C38,4,FC84
7,9725,LCALL,0C3E,6,EC11
7,9736,LCALL,0B84,5,F920
7,9758,LCALL,0C44,6,FEE4
7,975D,LCALL,0C4A,6,98B9
7,9769,LCALL,0C50,6,FDFA
7,9772,LCALL,0B7E,5,E77F
7,989F,LCALL,1A9C,13,49E3
7,9934,LCALL,1BF2,9,FDCE
7,9A9C,LCALL,0E90,13,6052
7,9AA8,LCALL,0E96,13,5E1F
7,9AF3,LCALL,0F3E,13,4CA4
7,9BA8,LCALL,0B7E,5,E77F
7,9C55,LCALL,0C14,6,B283
7,9ED9,LCALL,0F2C,13,599D
7,9EEE,LCALL,0F86,13,640C
7,9F0D,LCALL,0F2C,13,599D
7,9F81,LCALL,0F2C,13,599D
7,9F8C,LCALL,0F86,13,640C
7,9FE6,LJMP,0F2C,13,599D
7,9FEF,LCALL,0F2C,13,599D
7,9FF9,LCALL,0F86,13,640C
7,A003,LCALL,0F2C,13,599D
7,A00B,LCALL,0F2C,13,599D
7,A013,LCALL,0F86,13,640C
7,A090,LCALL,0F2C,13,599D
7,A0C0,LCALL,0E8A,13,4FAA
7,A0D0,LCALL,0E8A,13,4FAA
7,A0DA,LCALL,0E8A,13,4FAA
7,A0EC,LCALL,0E8A,13,4FAA
7,A112,LCALL,0E7E,13,59EE
7,A11E,LCALL,0E8A,13,4FAA
7,A123,LCALL,0E8A,13,4FAA
7,A128,LCALL,0E90,13,6052
7,A130,LCALL,0E96,13,5E1F
7,A15F,LCALL,0E8A,13,4FAA
7,A166,LCALL,0E8A,13,4FAA
7,A181,LCALL,0E8A,13,4FAA
7,A19B,LCALL,0F2C,13,599D
7,A1B8,LCALL,0F3E,13,4CA4
7,A1BC,LCALL,0E8A,13,4FAA
7,A537,LCALL,0E90,13,6052
7,A53F,LCALL,0E96,13,5E1F
7,A5CC,LCALL,0EFC,8,A1DD
7,A9E5,LCALL,0B60,6,FE6F
7,A9EA,LCALL,0B66,6,FE84
7,A9EF,LCALL,0B6C,5,FA69
7,A9FA,LCALL,0B72,5,E671
7,A9FF,LCALL,0B6C,5,FA69
7,AA17,LCALL,0B72,5,E671
7,AA45,LCALL,0B78,4,FDD6
7,AA58,LCALL,0B7E,5,E77F
7,AA62,LCALL,0B84,5,F920
7,AA65,LCALL,0B8A,6,EA0C
7,AA91,LCALL,0B90,6,FEFC
7,AAAB,LCALL,0B96,4,F9BF
7,AAC6,LCALL,0B9C,6,E837
7,AAC9,LCALL,0B8A,6,EA0C
7,AAD9,LCALL,0B7E,5,E77F
7,AB17,LCALL,0B84,5,F920
7,B0DE,LCALL,0E8A,13,4FAA
7,B0E3,LCALL,0E8A,13,4FAA
7,B0E8,LCALL,0E90,13,6052
7,B0F4,LCALL,0E96,13,5E1F
7,B201,LCALL,0EFC,8,A1DD
7,B263,LCALL,0E66,13,5F62
7,B270,LCALL,0E7E,13,59EE
7,B2F1,LCALL,0F2C,13,599D
7,B30C,LCALL,0F32,13,6191
7,B323,LCALL,0F32,13,6191
7,B356,LJMP,0F38,5,FEEE
7,B35F,LCALL,0E7E,13,59EE
7,B378,LCALL,0F32,13,6191
7,B4C2,LCALL,0DAC,5,FBC3
7,B6B9,LCALL,1A9C,13,49E3
7,B757,LCALL,1BF2,9,FDCE
7,B8B4,LCALL,0EB4,5,EEE1
7,B91C,LCALL,0DAC,5,FBC3
7,B96F,LCALL,0F2C,13,599D
7,B976,LCALL,0DAC,5,FBC3
7,B99E,LCALL,0F2C,13,599D
7,B9AE,LCALL,0B7E,5,E77F
7,B9BA,LCALL,0EB4,5,EEE1
7,B9CE,LCALL,0F2C,13,599D
7,BB2F,LCALL,0F2C,13,599D
7,BB37,LCALL,0E8A,13,4FAA
7,BB4D,LCALL,0E8A,13,4FAA
7,BB63,LCALL,0E8A,13,4FAA
7,BB68,LCALL,0E8A,13,4FAA
7,BB8E,LCALL,0E66,13,5F62
7,BB9B,LCALL,0E66,13,5F62
7,BBC0,LCALL,0F2C,13,599D
7,BBCB,LCALL,0F2C,13,599D
7,BC8C,LCALL,0C14,6,B283
7,BC92,LCALL,0D88,6,F9CD
7,BC97,LCALL,0C14,6,B283
7,BCA4,LCALL,0C14,6,B283
7,BCD4,LCALL,0C14,6,B283
7,BCE2,LCALL,0C14,6,B283
7,BCF6,LCALL,0C14,6,B283
7,BD03,LCALL,0C14,6,B283
7,BD0D,LCALL,0C14,6,B283
7,BD20,LCALL,0C14,6,B283
7,BD30,LCALL,0C14,6,B283
7,BD7E,LCALL,0EB4,5,EEE1
7,C07C,LCALL,0C1A,6,F688
7,C085,LCALL,0E8A,13,4FAA
7,C08C,LCALL,0E8A,13,4FAA
7,C0BC,LCALL,0C1A,6,F688
7,C0C5,LCALL,0E8A,13,4FAA
7,C0CC,LCALL,0E8A,13,4FAA
7,C0E0,LCALL,0C1A,6,F688
7,C143,LCALL,0C1A,6,F688
7,C31E,LCALL,0E8A,13,4FAA
7,C325,LCALL,0E8A,13,4FAA
7,C32C,LCALL,0E8A,13,4FAA
7,C3B6,LCALL,0B84,5,F920
7,C428,LCALL,0CBC,6,FE47
7,C5D1,LCALL,0B84,5,F920
7,C5F9,LCALL,0B84,5,F920
7,C60C,LCALL,0B84,5,F920
7,C611,LCALL,0B84,5,F920
7,C616,LCALL,0B84,5,F920
7,C707,LCALL,0F2C,13,599D
7,C88F,LCALL,0D64,8,FE50
7,C8AF,LCALL,0D6A,8,FE46
7,C8C8,LCALL,0D70,8,FE30
7,CA72,LCALL,0DAC,5,FBC3
7,CA96,LCALL,0E66,13,5F62
7,CAE2,LCALL,0E66,13,5F62
7,CB10,LCALL,0F86,13,640C
7,CB35,LCALL,0F2C,13,599D
7,CB42,LCALL,0F2C,13,599D
7,CB4A,LCALL,0F2C,13,599D
7,CC18,LCALL,0B72,5,E671
7,CC6B,LCALL,0DAC,5,FBC3
7,CCCF,LCALL,0DAC,5,FBC3
7,CD0F,LCALL,119C,13,6506
7,CDA3,LCALL,119C,13,6506
7,CDDA,LCALL,0C1A,6,F688
7,CDF8,LCALL,0F20,5,B0A3
7,CE09,LCALL,0C6E,5,C18E
7,CE0C,LCALL,0C1A,6,F688
7,CE18,LCALL,0C1A,6,F688
7,CE21,LCALL,0E8A,13,4FAA
7,CE2C,LCALL,0F26,13,6080
7,CE44,LCALL,0C1A,6,F688
7,CE4D,LCALL,0E8A,13,4FAA
7,CE91,LCALL,0F86,13,640C
7,CEBB,LCALL,0F2C,13,599D
7,CF25,LCALL,0F86,13,640C
7,D2F3,LCALL,118A,13,5BEE
7,D314,LCALL,0E8A,13,4FAA
7,D31B,LCALL,0E8A,13,4FAA
7,D439,LCALL,0B9C,6,E837
7,D44E,LCALL,0B9C,6,E837
7,D479,LCALL,0B9C,6,E837
7,D494,LCALL,0B84,5,F920
7,D499,LCALL,0B84,5,F920
7,D4A0,LCALL,0B9C,6,E837
7,D4B1,LCALL,0B84,5,F920
7,D4DC,LCALL,0B84,5,F920
7,D50A,LCALL,0B84,5,F920
7,D67B,LCALL,0DAC,5,FBC3
7,D7DE,LCALL,0EB4,5,EEE1
7,D7ED,LCALL,0EB4,5,EEE1
7,D850,LCALL,0B7E,5,E77F
7,D87F,LCALL,0F3E,13,4CA4
7,D897,LCALL,0F32,13,6191
7,D94C,LCALL,1C10,8,FAD3
7,D96D,LJMP,0B7E,5,E77F
7,DA08,LCALL,0C7A,13,683D
7,DA1C,LCALL,0F1A,13,6575
7,DA58,LCALL,0C6E,5,C18E
7,DA8B,LCALL,0EB4,5,EEE1
7,DAB7,LCALL,0F2C,13,599D
7,DABD,LCALL,0B72,5,E671
7,DAD1,LCALL,0F2C,13,599D
7,DAF1,LCALL,0B84,5,F920
7,DB00,LCALL,0F2C,13,599D
7,DB69,LCALL,0B84,5,F920
7,DD17,LCALL,0C1A,6,F688
7,DD32,LCALL,0D5E,4,FED8
7,DDC8,LCALL,0EDE,13,6024
7,DDD6,LCALL,0E8A,13,4FAA
7,DDE6,LCALL,0EE4,13,677F
7,DDF3,LCALL,0EEA,6,F300
7,DDF8,LCALL,0B84,5,F920
7,DDFD,LJMP,0EDE,13,6024
7,DEB0,LCALL,0F3E,13,4CA4
7,DED3,LCALL,0F3E,13,4CA4
7,DEFB,LCALL,0EB4,5,EEE1
7,DF0F,LCALL,0F2C,13,599D
7,E0C0,LCALL,0DAC,5,FBC3
7,E11A,LCALL,0EB4,5,EEE1
7,E156,LCALL,0E8A,13,4FAA
7,E1A1,LCALL,0E8A,13,4FAA
7,E3C6,LCALL,0F2C,13,599D
7,E3D9,LCALL,0E66,13,5F62
7,E401,LCALL,0F3E,13,4CA4
7,E43F,LCALL,0D40,6,FEEA
7,E45B,LCALL,0D46,6,FEE7
7,E49F,LCALL,0F3E,13,4CA4
7,E4BF,LCALL,0F3E,13,4CA4
7,E5F3,LCALL,0F3E,13,4CA4
7,E619,LCALL,0F3E,13,4CA4
7,E741,LCALL,0C80,12,ED5F
7,E749,LCALL,0C86,6,F8FF
7,E751,LCALL,0C8C,4,FEE7
7,E758,LCALL,0C92,4,FE15
7,E75D,LCALL,0C98,4,FEEA
7,E764,LCALL,0C9E,4,FEED
7,E778,LCALL,0CA4,8,F27D
7,E77B,LCALL,0CAA,6,D05A
7,E77E,LCALL,0CB0,6,F4CF
7,E781,LCALL,0CB6,8,FEE2
7,E7BC,LCALL,0D76,6,A7EB
7,E7DA,LJMP,0D7C,6,F86B
7,E7E8,LCALL,0D82,8,F3C1
7,E83B,LCALL,0F4A,6,C3B9
7,E8E2,LCALL,0DAC,5,FBC3
7,E8EB,LCALL,0DAC,5,FBC3
7,E8F4,LCALL,0D4C,4,FEDB
7,E907,LCALL,0C2C,5,FE73
7,E90D,LCALL,0D52,6,FE8A
7,E97D,LCALL,0E8A,13,4FAA
7,E9BD,LCALL,0F86,13,640C
7,E9CD,LCALL,0FD4,8,FC74
7,EBEF,LCALL,0F2C,13,599D
7,EC0D,LCALL,0F2C,13,599D
7,EC9C,LCALL,0EB4,5,EEE1
7,ECDE,LCALL,118A,13,5BEE
7,EDE6,LCALL,0F86,13,640C
7,EE67,LCALL,1916,11,FCAE
7,EEC6,LCALL,0F2C,13,599D
7,EECD,LCALL,0DAC,5,FBC3
7,EEDE,LCALL,0E66,13,5F62
7,EF3A,LCALL,0E8A,13,4FAA
7,F094,LCALL,0E90,13,6052
7,F0A0,LCALL,0E96,13,5E1F
7,F0E7,LCALL,0EB4,5,EEE1
7,F231,LCALL,0EF0,8,F7A5
7,F268,LCALL,0D58,4,FEDE
7,F27A,LCALL,0C20,5,FE7D
7,F282,LCALL,0D52,6,FE8A
7,F28A,LCALL,0C20,5,FE7D
7,F290,LCALL,0D52,6,FE8A
7,F356,LCALL,110C,5,C38B
7,F369,LCALL,0F2C,13,599D
7,F36F,LCALL,0F2C,13,599D
7,F376,LCALL,0DAC,5,FBC3
7,F39F,LCALL,0F4A,6,C3B9
7,F3B6,LJMP,0F4A,6,C3B9
7,F494,LJMP,0D8E,8,FE5A
7,F4A0,LCALL,0F44,5,DAC5
7,F517,LJMP,0C74,10,F527
7,F557,LCALL,0F3E,13,4CA4
7,F86B,LCALL,0F2C,13,599D
7,F9CD,LCALL,0C56,4,FEFC
7,F9D0,LCALL,0C5C,6,FECE
7,F9D7,LCALL,0C4A,6,98B9
7,FA29,LCALL,0C1A,6,F688
7,FA46,LCALL,0F3E,13,4CA4
7,FA5A,LCALL,11BA,5,FEA9
7,FA62,LCALL,11BA,5,FEA9
7,FA9C,LJMP,0F2C,13,599D
7,FAEF,LCALL,0C7A,13,683D
7,FB0F,LCALL,0DAC,5,FBC3
7,FBFF,LCALL,0E8A,13,4FAA
7,FC04,LCALL,0E8A,13,4FAA
7,FC13,LCALL,0E8A,13,4FAA
7,FC18,LCALL,0E8A,13,4FAA
7,FC5A,LJMP,0C6E,5,C18E
7,FC80,LJMP,1BF8,13,5E91
7,FC87,LCALL,0F5C,5,F7EF
7,FDB4,LJMP,11B4,13,5264
7,FDFB,LCALL,0B84,5,F920
7,FE00,LJMP,0B84,5,F920
7,FE10,LCALL,0C68,6,FEA2
7,FE52,LCALL,0E8A,13,4FAA
7,FE55,LJMP,0F56,5,FA87
7,FE75,LJMP,0F86,13,640C
7,FE94,LCALL,0C62,6,FE9C
7,FEBB,LJMP,0F50,13,57D4
8,00A1,LCALL,0DD6,4,F8A6
8,011A,LCALL,0DDC,4,F90A
8,01A2,LCALL,0DE2,5,C755
8,050C,LCALL,14C6,0,FE6F
8,053A,LCALL,14CC,0,6C06
8,072A,LCALL,0FB0,8,EAFE
8,098D,LCALL,0F9E,0,FC1C
8,09B5,LCALL,0FA4,0,61BE
8,09BD,LCALL,0FAA,0,6DE5
8,249E,LCALL,0F8C,0,5CF9
8,24C0,LCALL,0F8C,0,5CF9
8,2A41,LJMP,1C40,0,FCF6
8,2B29,LCALL,0DAC,5,FBC3
8,2B5D,LCALL,0B24,3,F763
8,2B65,LCALL,0B2A,3,FEE4
8,2B68,LCALL,0B30,6,F10D
8,2B7C,LCALL,0B36,7,6558
8,2B81,LCALL,0B3C,7,D736
8,2B84,LCALL,0B42,3,FE1B
8,2C3E,LCALL,0B48,6,C984
8,2C41,LCALL,0B4E,6,F9B7
8,2C49,LCALL,0B54,6,E5F5
8,523F,LCALL,0DAC,5,FBC3
8,548E,LCALL,0E9C,13,4F15
8,54FB,LCALL,0DAC,5,FBC3
8,555E,LCALL,0DAC,5,FBC3
8,56EF,LCALL,0DAC,5,FBC3
8,579E,LCALL,0DAC,5,FBC3
8,5880,LCALL,0DAC,5,FBC3
8,5956,LCALL,0EB4,5,EEE1
8,5DE4,LCALL,0DAC,5,FBC3
8,5FBA,LCALL,0EB4,5,EEE1
8,5FC1,LCALL,0DAC,5,FBC3
8,5FCD,LCALL,0DAC,5,FBC3
8,5FDF,LCALL,0DAC,5,FBC3
8,612C,LJMP,1B74,6,C2D4
8,6701,LCALL,0EB4,5,EEE1
8,6718,LCALL,0E9C,13,4F15
8,671F,LCALL,0DAC,5,FBC3
8,6763,LCALL,0DAC,5,FBC3
8,6779,LCALL,0E9C,13,4F15
8,6789,LCALL,0E9C,13,4F15
8,6A03,LCALL,0DAC,5,FBC3
8,6A4E,LCALL,0E9C,13,4F15
8,6E67,LCALL,0EB4,5,EEE1
8,6F24,LCALL,0DAC,5,FBC3
8,6F85,LCALL,0E9C,13,4F15
8,70CC,LCALL,0E9C,13,4F15
8,7162,LCALL,0E9C,13,4F15
8,7200,LCALL,0E9C,13,4F15
8,7294,LCALL,0B84,5,F920
8,729E,LCALL,0DAC,5,FBC3
8,732F,LCALL,0B7E,5,E77F
8,734E,LCALL,0B84,5,F920
8,735E,LCALL,0DAC,5,FBC3
8,7363,LCALL,0B84,5,F920
8,73D6,LCALL,0DAC,5,FBC3
8,742F,LCALL,0DAC,5,FBC3
8,7531,LCALL,0B84,5,F920
8,7548,LCALL,0B84,5,F920
8,7785,LCALL,0B06,7,FE16
8,7788,LCALL,12B0,10,FEED
8,8053,LCALL,1B44,13,653F
8,805F,LCALL,1910,13,536D
8,80A9,LCALL,1B44,13,653F
8,80BA,LCALL,1910,13,536D
8,80DA,LCALL,1B4A,13,5EFA
8,8110,LCALL,1B4A,13,5EFA
8,813A,LCALL,1B50,6,F851
8,8BB7,LCALL,1802,6,C0F3
8,8BCA,LCALL,1802,6,C0F3
8,8BDD,LCALL,1802,6,C0F3
8,8DC8,LCALL,0F92,6,FE90
8,8E04,LCALL,0F92,6,FE90
8,8EC1,LCALL,0F92,6,FE90
8,9458,LCALL,0F92,6,FE90
8,9A7E,LCALL,0E9C,13,4F15
8,9AD8,LCALL,0E9C,13,4F15
8,A3DA,LCALL,0E9C,13,4F15
8,A3EF,LCALL,0DAC,5,FBC3
8,A472,LCALL,0EB4,5,EEE1
8,A494,LCALL,0E9C,13,4F15
8,A4A4,LCALL,0E9C,13,4F15
8,AF82,LCALL,0E9C,13,4F15
8,AF92,LCALL,0E9C,13,4F15
8,B01F,LCALL,0DAC,5,FBC3
8,B02A,LCALL,0DAC,5,FBC3
8,B049,LCALL,0E9C,13,4F15
8,B070,LCALL,0E9C,13,4F15
8,B094,LCALL,0E9C,13,4F15
8,B09C,LCALL,0E9C,13,4F15
8,B0A4,LCALL,0E9C,13,4F15
8,B0E5,LCALL,0F92,6,FE90
8,B121,LCALL,0F92,6,FE90
8,B24E,LCALL,0E9C,13,4F15
8,B289,LCALL,0E9C,13,4F15
8,B2E1,LCALL,0E9C,13,4F15
8,B2F5,LCALL,0E9C,13,4F15
8,B36F,LCALL,0EB4,5,EEE1
8,B376,LCALL,0DAC,5,FBC3
8,B4E1,LCALL,194C,6,E924
8,B54B,LCALL,1952,6,FD9E
8,B5FE,LCALL,15AA,5,E1CF
8,B601,LCALL,1958,10,FEE2
8,B604,LJMP,195E,12,FEF5
8,B81A,LCALL,14C0,0,FA7C
8,B850,LCALL,0F8C,0,5CF9
8,B89E,LCALL,0F92,6,FE90
8,B8DA,LCALL,0F92,6,FE90
8,BBAF,LCALL,0E9C,13,4F15
8,BBBF,LCALL,0E9C,13,4F15
8,BC1F,LCALL,0EA2,3,FED8
8,BC36,LCALL,0EA8,3,FE99
8,BC68,LCALL,0EA2,3,FED8
8,BC7F,LCALL,0EA8,3,FE99
8,BCA6,LCALL,0EA2,3,FED8
8,BCBC,LCALL,0EA2,3,FED8
8,BCD2,LCALL,0EA8,3,FE99
8,BF81,LCALL,113C,7,FD17
8,C063,LCALL,1B68,13,678C
8,C0B4,LJMP,1ADE,9,C744
8,C0F3,LCALL,0DAC,5,FBC3
8,C100,LCALL,0E9C,13,4F15
8,C10A,LCALL,0E9C,13,4F15
8,C118,LCALL,0E9C,13,4F15
8,C128,LCALL,0E9C,13,4F15
8,C138,LCALL,0E9C,13,4F15
8,C2EC,LCALL,0D94,6,FC9A
8,C2F3,LCALL,1142,6,D766
8,C315,LCALL,0D94,6,FC9A
8,C329,LCALL,1142,6,D766
8,C33A,LCALL,0B72,5,E671
8,C358,LCALL,0E36,4,FECB
8,C362,LJMP,14F0,4,FEF0
8,C4ED,LCALL,1B50,6,F851
8,C4FF,LCALL,1B56,13,67FA
8,C53B,LCALL,1B56,13,67FA
8,C53E,LCALL,1532,7,FED0
8,C586,LCALL,1B56,13,67FA
8,C5A8,LCALL,15BC,13,63A5
8,C5AD,LCALL,0E8A,13,4FAA
8,C5B0,LJMP,1B5C,13,670E
8,C5B9,LCALL,1B62,13,5CB4
8,C78C,LCALL,194C,6,E924
8,C7EB,LCALL,194C,6,E924
8,C8D7,LCALL,0B72,5,E671
8,C8ED,LCALL,0C1A,6,F688
8,C908,LCALL,0C1A,6,F688
8,C918,LCALL,0C1A,6,F688
8,C927,LCALL,0C1A,6,F688
8,C932,LCALL,0C1A,6,F688
8,C941,LCALL,0C1A,6,F688
8,C94C,LCALL,0C1A,6,F688
8,C960,LCALL,0B84,5,F920
8,C96E,LCALL,0EAE,5,F9EC
8,C99F,LCALL,0EB4,5,EEE1
8,CAE9,LCALL,0F98,5,FBF3
8,CAEE,LCALL,0B84,5,F920
8,CAF3,LCALL,0B84,5,F920
8,CAF8,LCALL,0B84,5,F920
8,CAFD,LCALL,0B84,5,F920
8,CB07,LCALL,1154,6,FCB4
8,CB44,LCALL,1142,6,D766
8,CCC8,LCALL,194C,6,E924
8,CCE3,LCALL,194C,6,E924
8,CE79,LCALL,194C,6,E924
8,CEEB,LCALL,194C,6,E924
8,D08C,LCALL,194C,6,E924
8,D0B9,LCALL,194C,6,E924
8,D155,LCALL,1B50,6,F851
8,D31E,LCALL,0E36,4,FECB
8,D32C,LCALL,14EA,4,FEBF
8,D402,LCALL,0B84,5,F920
8,D464,LCALL,0EA8,3,FE99
8,D48E,LCALL,0EA8,3,FE99
8,D49F,LCALL,0EA8,3,FE99
8,D710,LCALL,194C,6,E924
8,D731,LCALL,194C,6,E924
8,D7AE,LCALL,0D94,6,FC9A
8,D7B9,LCALL,0B7E,5,E77F
8,D8B9,LCALL,1B50,6,F851
8,D99B,LCALL,194C,6,E924
8,D9AC,LCALL,194C,6,E924
8,DA40,LCALL,0DAC,5,FBC3
8,DA4A,LCALL,0DAC,5,FBC3
8,DC42,LCALL,0D88,6,F9CD
8,DC48,LCALL,1964,12,FE3B
8,DCE0,LCALL,0DAC,5,FBC3
8,DD33,LCALL,0DAC,5,FBC3
8,DF11,LCALL,1142,6,D766
8,DF44,LJMP,0DAC,5,FBC3
8,E01C,LCALL,0E9C,13,4F15
8,E02A,LCALL,0E9C,13,4F15
8,E03A,LCALL,0E9C,13,4F15
8,E04A,LCALL,0E9C,13,4F15
8,E229,LCALL,0DAC,5,FBC3
8,E3F1,LCALL,0DAC,5,FBC3
8,E3FE,LCALL,0DAC,5,FBC3
8,E595,LCALL,0F98,5,FBF3
8,EAF5,LCALL,0DAC,5,FBC3
8,EBC4,LCALL,0B72,5,E671
8,EBCD,LCALL,0B72,5,E671
8,ECC1,LCALL,194C,6,E924
8,ECF6,LJMP,0EAE,5,F9EC
8,EDEA,LCALL,194C,6,E924
8,EE24,LCALL,1C28,13,6137
8,EEB8,LJMP,0DAC,5,FBC3
8,EEC2,LCALL,0DAC,5,FBC3
8,F207,LCALL,10F4,13,4767
8,F22B,LJMP,1AFC,13,5A89
8,F246,LJMP,1B6E,13,503A
8,F3F0,LCALL,0B1E,4,FDE8
8,F7DA,LCALL,18BC,13,6803
8,F816,LCALL,194C,6,E924
8,FC95,LJMP,194C,6,E924
8,FE6E,LCALL,0B18,6,D22E
8,FEA5,LJMP,194C,6,E924
8,FECF,LCALL,14F6,4,FD46
8,FED3,LJMP,14FC,4,FC39
9,00A1,LCALL,0DD6,4,F8A6
9,011A,LCALL,0DDC,4,F90A
9,01A2,LCALL,0DE2,5,C755
9,2A41,LJMP,1C40,0,FCF6
9,2B5D,LCALL,0B24,3,F763
9,2B65,LCALL,0B2A,3,FEE4
9,2B68,LCALL,0B30,6,F10D
9,2B7C,LCALL,0B36,7,6558
9,2B81,LCALL,0B3C,7,D736
9,2B84,LCALL,0B42,3,FE1B
9,2C3E,LCALL,0B48,6,C984
9,2C41,LCALL,0B4E,6,F9B7
9,2C49,LCALL,0B54,6,E5F5
9,9507,LCALL,15F8,10,F439
9,9513,LCALL,182C,0,FDD2
9,951D,LCALL,15C2,8,DDB3
9,952B,LCALL,1880,6,C7FA
9,953A,LCALL,1886,8,FAE1
9,953F,LCALL,188C,8,7564
9,9549,LCALL,1634,6,EAA3
9,954E,LCALL,188C,8,7564
9,9573,LCALL,182C,0,FDD2
9,9583,LCALL,15F8,10,F439
9,9592,LCALL,1892,8,BCDB
9,9597,LCALL,1898,8,C741
9,959C,LCALL,189E,8,DC6C
9,95A8,LCALL,1712,6,BEF1
9,95B0,LCALL,188C,8,7564
9,95C9,LCALL,1634,6,EAA3
9,95D1,LCALL,188C,8,7564
9,95EA,LCALL,18A4,6,8810
9,95F2,LCALL,188C,8,7564
9,965B,LCALL,15C2,8,DDB3
9,965E,LCALL,159E,8,D02D
9,9664,LCALL,15E6,8,CE46
9,966C,LCALL,188C,8,7564
9,9687,LCALL,159E,8,D02D
9,96C4,LCALL,1802,6,C0F3
9,96D1,LCALL,18A4,6,8810
9,96D4,LCALL,15EC,8,D530
9,96F1,LCALL,15E6,8,CE46
9,9706,LCALL,18AA,8,E5E2
9,9745,LCALL,12BC,7,FD9D
9,975B,LCALL,1532,7,FED0
9,9768,LCALL,12B6,7,FBBB
9,9770,LCALL,188C,8,7564
9,9789,LCALL,176C,6,FEF9
9,978C,LCALL,15F2,8,E679
9,9794,LCALL,188C,8,7564
9,97D7,LCALL,0C4A,6,98B9
9,97DC,LCALL,12B6,7,FBBB
9,97EC,LCALL,188C,8,7564
9,9804,LCALL,0B06,7,FE16
9,9807,LCALL,18B0,6,E6EF
9,980F,LCALL,188C,8,7564
9,9836,LCALL,1802,6,C0F3
9,9854,LCALL,1802,6,C0F3
9,985F,LCALL,18B6,6,FEE1
9,986C,LCALL,18BC,13,6803
9,987D,LCALL,18C2,8,C4F1
9,99A6,LCALL,186E,7,F2FC
9,99BB,LCALL,186E,7,F2FC
9,99C8,LCALL,186E,7,F2FC
9,99D5,LCALL,186E,7,F2FC
9,99DD,LCALL,15F8,10,F439
9,99ED,LCALL,186E,7,F2FC
9,99F9,LCALL,186E,7,F2FC
9,9A03,LCALL,18C8,7,F82D
9,9A0B,LCALL,18CE,12,FE9A
9,9AAE,LCALL,1712,6,BEF1
9,9AB8,LCALL,167C,8,E7E4
9,9B00,LCALL,1808,6,D2C7
9,9B1C,LCALL,13A0,4,FA5C
9,9B1F,LCALL,15C2,8,DDB3
9,9B33,LCALL,13C4,13,6747
9,9B49,LCALL,13C4,13,6747
9,9B93,LCALL,1598,8,CC40
9,9BA6,LCALL,15C2,8,DDB3
9,9BB4,LCALL,159E,8,D02D
9,9BB7,LCALL,15E6,8,CE46
9,9BEE,LCALL,15EC,8,D530
9,9BF3,LCALL,159E,8,D02D
9,9BF6,LCALL,1712,6,BEF1
9,9C9F,LCALL,1856,13,6628
9,9CA8,LCALL,15F8,10,F439
9,9CC2,LCALL,1802,6,C0F3
9,9CCC,LCALL,1634,6,EAA3
9,9CD5,LCALL,18A4,6,8810
9,9CDE,LCALL,186E,7,F2FC
9,9CE8,LCALL,186E,7,F2FC
9,9CF2,LCALL,1532,7,FED0
9,A129,LCALL,1532,7,FED0
9,A131,LCALL,1532,7,FED0
9,A139,LCALL,1532,7,FED0
9,A16C,LCALL,0B7E,5,E77F
9,A184,LCALL,1532,7,FED0
9,A1A0,LCALL,1532,7,FED0
9,A1AB,LCALL,1532,7,FED0
9,A1B3,LCALL,1532,7,FED0
9,A21C,LJMP,19AC,8,E49A
9,A234,LCALL,19A0,12,FEFB
9,A23B,LJMP,1640,10,AD44
9,A29B,LCALL,0B84,5,F920
9,A2D0,LCALL,0B84,5,F920
9,A304,LCALL,0B84,5,F920
9,A318,LJMP,0B84,5,F920
9,A322,LCALL,0B84,5,F920
9,A334,LCALL,1532,7,FED0
9,A33C,LCALL,1532,7,FED0
9,A355,LCALL,186E,7,F2FC
9,A35F,LCALL,0B84,5,F920
9,A364,LCALL,0B84,5,F920
9,A367,LCALL,1532,7,FED0
9,A375,LCALL,1532,7,FED0
9,A381,LCALL,0B72,5,E671
9,A387,LCALL,0B84,5,F920
9,A393,LCALL,0B84,5,F920
9,A55B,LCALL,159E,8,D02D
9,A583,LCALL,1862,8,5FEF
9,A592,LCALL,1868,13,6699
9,A5A6,LCALL,159E,8,D02D
9,A5C1,LCALL,1868,13,6699
9,A5CF,LCALL,1868,13,6699
9,A5DA,LCALL,0B06,7,FE16
9,A5DD,LCALL,12B0,10,FEED
9,A5EB,LCALL,0B06,7,FE16
9,A5EE,LCALL,12B0,10,FEED
9,A70F,LCALL,158C,0,FE91
9,A738,LCALL,186E,7,F2FC
9,A743,LCALL,186E,7,F2FC
9,A837,LCALL,1874,13,576F
9,A870,LCALL,1868,13,6699
9,A87B,LCALL,187A,13,6284
9,A889,LJMP,1298,0,6B83
9,B65D,LCALL,1616,8,BFCE
9,B660,LJMP,15C2,8,DDB3
9,B8F2,LCALL,19B2,10,FDC1
9,B8FA,LCALL,18A4,6,8810
9,B901,LCALL,161C,7,F8CB
9,B906,LCALL,1622,10,D760
9,B920,LCALL,0B7E,5,E77F
9,B925,LCALL,1604,7,FD62
9,B92A,LCALL,0C4A,6,98B9
9,B92F,LCALL,1982,6,FEA8
9,B937,LCALL,1622,10,D760
9,B943,LCALL,0C4A,6,98B9
9,B956,LCALL,186E,7,F2FC
9,B960,LCALL,192E,4,F83F
9,B965,LCALL,18C8,7,F82D
9,B994,LCALL,1622,10,D760
9,B9A6,LCALL,1622,10,D760
9,B9AF,LCALL,1532,7,FED0
9,B9DA,LCALL,1532,7,FED0
9,B9EA,LCALL,1532,7,FED0
9,B9FA,LCALL,0C4A,6,98B9
9,BA0F,LCALL,0B72,5,E671
9,BA15,LCALL,15F8,10,F439
9,BA22,LCALL,19B8,12,FED4
9,BA46,LCALL,1622,10,D760
9,BA56,LCALL,0B7E,5,E77F
9,BA79,LCALL,15C2,8,DDB3
9,BA89,LCALL,15EC,8,D530
9,BA99,LCALL,19BE,8,EE5C
9,BAAC,LCALL,15F2,8,E679
9,BABD,LCALL,15E6,8,CE46
9,BAC2,LCALL,15F8,10,F439
9,BACE,LCALL,18C8,7,F82D
9,BAD5,LCALL,1622,10,D760
9,BADE,LCALL,0B7E,5,E77F
9,BAEA,LCALL,161C,7,F8CB
9,BAEF,LCALL,1604,7,FD62
9,BAF5,LCALL,18A4,6,8810
9,BAFA,LCALL,1982,6,FEA8
9,BF04,LCALL,1532,7,FED0
9,BF7F,LCALL,1532,7,FED0
9,BFB8,LCALL,1532,7,FED0
9,BFC5,LCALL,1A78,2,DF25
9,BFD4,LCALL,1A8A,8,FE89
9,BFD9,LCALL,162E,13,3DE6
9,BFE1,LCALL,1532,7,FED0
9,BFE9,LCALL,1532,7,FED0
9,C007,LCALL,186E,7,F2FC
9,C00F,LCALL,186E,7,F2FC
9,C017,LCALL,18C8,7,F82D
9,C023,LCALL,1A8A,8,FE89
9,C028,LCALL,162E,13,3DE6
9,C75F,LCALL,0E8A,13,4FAA
9,C991,LCALL,1628,13,65D3
9,C99F,LCALL,1628,13,65D3
9,C9B6,LCALL,17C6,0,FE02
9,C9E2,LCALL,17C6,0,FE02
9,CA01,LCALL,158C,0,FE91
9,CA15,LCALL,15D4,10,E3DD
9,CA36,LCALL,1634,6,EAA3
9,CB54,LCALL,17C6,0,FE02
9,D077,LCALL,18C8,7,F82D
9,D72C,LCALL,15AA,5,E1CF
9,D919,LCALL,0DAC,5,FBC3
9,D937,LCALL,164C,7,F7A4
9,D940,LJMP,0B72,5,E671
9,D94B,LCALL,0DAC,5,FBC3
9,D956,LCALL,0DAC,5,FBC3
9,D95B,LCALL,0B84,5,F920
9,D96A,LCALL,164C,7,F7A4
9,D96D,LCALL,1532,7,FED0
9,D973,LCALL,0B06,7,FE16
9,D976,LCALL,12B0,10,FEED
9,D97E,LCALL,0B84,5,F920
9,D983,LCALL,0B84,5,F920
9,D988,LCALL,162E,13,3DE6
9,E0D6,LCALL,1640,10,AD44
9,E127,LCALL,0B7E,5,E77F
9,E133,LCALL,1622,10,D760
9,E136,LCALL,1A96,10,FA05
9,E78C,LCALL,1A7E,0,5A5C
9,E78F,LCALL,1A84,0,6EB9
9,E7A9,LCALL,1532,7,FED0
9,E7B1,LCALL,18C8,7,F82D
9,E7B6,LCALL,192E,4,F83F
9,E7BC,LCALL,1532,7,FED0
9,E7E3,LCALL,0B06,7,FE16
9,E7E6,LCALL,12B0,10,FEED
9,E7F5,LCALL,162E,13,3DE6
9,EC56,LCALL,1844,12,E431
9,EC7D,LCALL,184A,13,55C4
9,EC82,LCALL,1850,13,3B04
9,EC87,LCALL,1856,13,6628
9,EC8A,LCALL,185C,13,66FF
9,EEC1,LCALL,158C,0,FE91
9,EEEC,LCALL,15F8,10,F439
9,F10C,LCALL,1532,7,FED0
9,F128,LCALL,186E,7,F2FC
9,F130,LCALL,18C8,7,F82D
9,F1C8,LCALL,167C,8,E7E4
9,F2A2,LCALL,162E,13,3DE6
9,F2B5,LCALL,162E,13,3DE6
9,F2CD,LCALL,0DAC,5,FBC3
9,F79A,LCALL,1532,7,FED0
9,F8A1,LCALL,162E,13,3DE6
9,F8A7,LCALL,0DAC,5,FBC3
9,F8EC,LCALL,164C,7,F7A4
9,F8F1,LCALL,162E,13,3DE6
9,F8FC,LCALL,0DAC,5,FBC3
9,F907,LCALL,0DAC,5,FBC3
9,F90C,LJMP,0B84,5,F920
9,FAB3,LCALL,1A78,2,DF25
9,FAC0,LJMP,164C,7,F7A4
9,FBA0,LCALL,196A,2,FBB0
9,FC11,LCALL,15F8,10,F439
9,FC18,LCALL,15FE,1,FA88
9,FC64,LCALL,1532,7,FED0
9,FC6A,LCALL,0B06,7,FE16
9,FC6D,LCALL,12B0,10,FEED
9,FDBD,LCALL,1A90,5,F798
10,00A1,LCALL,0DD6,4,F8A6
10,011A,LCALL,0DDC,4,F90A
10,01A2,LCALL,0DE2,5,C755
10,2A41,LJMP,1C40,0,FCF6
10,2B5D,LCALL,0B24,3,F763
10,2B65,LCALL,0B2A,3,FEE4
10,2B68,LCALL,0B30,6,F10D
10,2B7C,LCALL,0B36,7,6558
10,2B81,LCALL,0B3C,7,D736
10,2B84,LCALL,0B42,3,FE1B
10,2C3E,LCALL,0B48,6,C984
10,2C41,LCALL,0B4E,6,F9B7
10,2C49,LCALL,0B54,6,E5F5
10,A121,LCALL,18F2,12,E9E9
10,A126,LCALL,18F2,12,E9E9
10,AD53,LCALL,18E6,13,64AB
10,AD5A,LCALL,15FE,1,FA88
10,AD61,LCALL,15FE,1,FA88
10,AD68,LCALL,15FE,1,FA88
10,AD6F,LCALL,15FE,1,FA88
10,AD7D,LCALL,18E0,8,7E52
10,AD9D,LCALL,18E0,8,7E52
10,ADB0,LCALL,0B84,5,F920
10,ADDA,LCALL,18E0,8,7E52
10,ADEC,LCALL,18E0,8,7E52
10,AE01,LCALL,18E0,8,7E52
10,AE0F,LCALL,1652,8,8B52
10,AE50,LCALL,18E0,8,7E52
10,AE67,LCALL,1928,13,459F
10,AEB7,LCALL,1A00,8,F22E
10,AF4C,LCALL,1A00,8,F22E
10,B041,LCALL,1862,8,5FEF
10,B05D,LCALL,18E0,8,7E52
10,B070,LCALL,1AE4,12,F899
10,B07D,LCALL,1AC6,1,F7B2
10,B574,LCALL,0B84,5,F920
10,B57D,LCALL,0B72,5,E671
10,B580,LJMP,18C2,8,C4F1
10,B587,LCALL,1A00,8,F22E
10,B5A3,LCALL,1A00,8,F22E
10,C2C0,LCALL,1862,8,5FEF
10,C37D,LCALL,1ABA,1,D2D8
10,C387,LCALL,1862,8,5FEF
10,C39B,LCALL,1A4E,1,DC4F
10,C3A6,LCALL,1AB4,8,D8BD
10,C41E,LCALL,1670,1,EAEB
10,C48E,LCALL,18F8,1,F384
10,C4A7,LCALL,1862,8,5FEF
10,C4C3,LCALL,1862,8,5FEF
10,C4DF,LCALL,1862,8,5FEF
10,C4F5,LCALL,1862,8,5FEF
10,C50B,LCALL,1862,8,5FEF
10,C528,LCALL,1AB4,8,D8BD
10,C55C,LCALL,1904,8,F213
10,C576,LCALL,1904,8,F213
10,C702,LCALL,0B06,7,FE16
10,C720,LCALL,1A42,8,D0C5
10,C72A,LJMP,18AA,8,E5E2
10,C803,LCALL,1904,8,F213
10,C867,LCALL,1904,8,F213
10,C87E,LCALL,15FE,1,FA88
10,C883,LCALL,18F2,12,E9E9
10,C88E,LCALL,1AF6,1,F4C8
10,C8BD,LCALL,1ABA,1,D2D8
10,C937,LCALL,1ABA,1,D2D8
10,C971,LCALL,1A4E,1,DC4F
10,C987,LCALL,1AA8,8,D83D
10,C9A2,LCALL,1ABA,1,D2D8
10,C9B6,LCALL,1AA8,8,D83D
10,C9C6,LCALL,1A4E,1,DC4F
10,C9D8,LCALL,1904,8,F213
10,C9E6,LCALL,1904,8,F213
10,C9F4,LCALL,1ABA,1,D2D8
10,C9FE,LCALL,1A4E,1,DC4F
10,CA06,LCALL,1ABA,1,D2D8
10,CA0C,LCALL,1A42,8,D0C5
10,CA18,LCALL,188C,8,7564
10,CA26,LCALL,1A4E,1,DC4F
10,CA39,LCALL,1AAE,13,5896
10,CA5B,LCALL,0E8A,13,4FAA
10,CB02,LCALL,1A00,8,F22E
10,CB21,LCALL,1A00,8,F22E
10,CB7A,LCALL,1AA8,8,D83D
10,CBA0,LCALL,1AA8,8,D83D
10,CBE2,LCALL,1A42,8,D0C5
10,CC23,LCALL,1A42,8,D0C5
10,CC2B,LCALL,1928,13,459F
10,CC30,LCALL,1928,13,459F
10,CCB5,LCALL,1AB4,8,D8BD
10,CCBC,LCALL,1928,13,459F
10,CD5D,LCALL,1AB4,8,D8BD
10,CD64,LJMP,1928,13,459F
10,CE50,LJMP,1A00,8,F22E
10,CECC,LCALL,1AA8,8,D83D
10,CED5,LCALL,1A42,8,D0C5
10,CEDE,LCALL,1A42,8,D0C5
10,CEE6,LCALL,1AA8,8,D83D
10,CFE5,LJMP,1904,8,F213
10,D03F,LCALL,1ABA,1,D2D8
10,D1BB,LCALL,1A4E,1,DC4F
10,D1E4,LCALL,1ABA,1,D2D8
10,D296,LCALL,1A4E,1,DC4F
10,D2C4,LCALL,1ABA,1,D2D8
10,D2E5,LCALL,1A4E,1,DC4F
10,D2F6,LCALL,1ABA,1,D2D8
10,D30A,LCALL,1A4E,1,DC4F
10,D31E,LCALL,1ABA,1,D2D8
10,D332,LCALL,1A4E,1,DC4F
10,D346,LCALL,1ABA,1,D2D8
10,D352,LCALL,1A4E,1,DC4F
10,D35A,LCALL,1ABA,1,D2D8
10,D36C,LCALL,1A4E,1,DC4F
10,D3B3,LCALL,18E0,8,7E52
10,D5B7,LCALL,1AB4,8,D8BD
10,D5CF,LCALL,1862,8,5FEF
10,D5DE,LCALL,1862,8,5FEF
10,D5ED,LCALL,1862,8,5FEF
10,D61B,LCALL,1862,8,5FEF
10,D650,LCALL,1928,13,459F
10,D695,LCALL,1862,8,5FEF
10,D6C4,LCALL,1862,8,5FEF
10,D6D6,LCALL,1862,8,5FEF
10,D6E5,LCALL,1862,8,5FEF
10,D702,LCALL,1862,8,5FEF
10,D71F,LCALL,1862,8,5FEF
10,D749,LCALL,1AB4,8,D8BD
10,D75C,LCALL,1AFC,13,5A89
10,D775,LCALL,1664,9,FC11
10,D7B5,LCALL,18DA,13,663B
10,D7E0,LCALL,18E0,8,7E52
10,D7E7,LCALL,18E6,13,64AB
10,D7EE,LCALL,15FE,1,FA88
10,DA89,LCALL,1532,7,FED0
10,DAD3,LCALL,1616,8,BFCE
10,DAD6,LJMP,18C2,8,C4F1
10,DB09,LCALL,0E8A,13,4FAA
10,DB32,LCALL,1928,13,459F
10,DB3F,LCALL,1A00,8,F22E
10,DB59,LCALL,1A00,8,F22E
10,DBCB,LCALL,1AA8,8,D83D
10,DBD8,LCALL,1AA8,8,D83D
10,DBE5,LCALL,1AA8,8,D83D
10,DBF2,LCALL,1AA8,8,D83D
10,DBFF,LCALL,1AA8,8,D83D
10,DC0C,LJMP,1AA8,8,D83D
10,DC23,LCALL,1A42,8,D0C5
10,DC39,LCALL,1A42,8,D0C5
10,DC4F,LCALL,1A42,8,D0C5
10,DC65,LCALL,1A42,8,D0C5
10,DC7B,LCALL,1A42,8,D0C5
10,DC91,LCALL,1A42,8,D0C5
10,E002,LCALL,1904,8,F213
10,E00C,LCALL,1AB4,8,D8BD
10,E0BD,LCALL,1AD2,12,F414
10,E0C7,LCALL,1A00,8,F22E
10,E0D1,LCALL,1A00,8,F22E
10,E10C,LCALL,1AB4,8,D8BD
10,E281,LCALL,1B08,8,C41E
10,E28E,LJMP,1B08,8,C41E
10,E317,LCALL,1B08,8,C41E
10,E374,LCALL,1B08,8,C41E
10,E39B,LCALL,1B08,8,C41E
10,E3A7,LCALL,1B08,8,C41E
10,E3B2,LCALL,1A42,8,D0C5
10,E3BC,LCALL,1B08,8,C41E
10,E3C7,LCALL,1A42,8,D0C5
10,E3D1,LCALL,1B08,8,C41E
10,E412,LCALL,1ABA,1,D2D8
10,E429,LCALL,1904,8,F213
10,E455,LCALL,1628,13,65D3
10,E467,LCALL,1A42,8,D0C5
10,E477,LCALL,1A42,8,D0C5
10,E49E,LCALL,1A42,8,D0C5
10,E4AC,LCALL,1A42,8,D0C5
10,E4B7,LCALL,1A42,8,D0C5
10,E4E6,LCALL,1A42,8,D0C5
10,E4F9,LCALL,1904,8,F213
10,E550,LCALL,1AF6,1,F4C8
10,E59A,LCALL,1A42,8,D0C5
10,E5A9,LCALL,1A42,8,D0C5
10,E5CE,LCALL,1B02,1,E815
10,E5E5,LCALL,1904,8,F213
10,E5EF,LCALL,1ABA,1,D2D8
10,E602,LCALL,1AF6,1,F4C8
10,E618,LCALL,1904,8,F213
10,E641,LCALL,15FE,1,FA88
10,E692,LJMP,0B7E,5,E77F
10,E6A5,LCALL,18E6,13,64AB
10,E6AC,LCALL,18E0,8,7E52
10,E6BB,LCALL,18F8,1,F384
10,E783,LCALL,18F2,12,E9E9
10,E796,LCALL,18F2,12,E9E9
10,E7AA,LCALL,18F8,1,F384
10,E7BF,LCALL,1904,8,F213
10,E7D4,LCALL,18C2,8,C4F1
10,E7DD,LCALL,0B7E,5,E77F
10,E7E0,LCALL,1712,6,BEF1
10,E7E4,LCALL,18F2,12,E9E9
10,E7EB,LCALL,18F2,12,E9E9
10,E7F2,LCALL,18F2,12,E9E9
10,E804,LCALL,1616,8,BFCE
10,E808,LCALL,18F2,12,E9E9
10,E812,LCALL,18F8,1,F384
10,E899,LCALL,1904,8,F213
10,E8B2,LCALL,1A42,8,D0C5
10,E8D6,LCALL,1A42,8,D0C5
10,E8E7,LCALL,1928,13,459F
10,E974,LJMP,1928,13,459F
10,E9F7,LCALL,1670,1,EAEB
10,E9FB,LCALL,1A42,8,D0C5
10,EBCA,LJMP,0F4A,6,C3B9
10,EBE4,LCALL,1AAE,13,5896
10,EC28,LCALL,1928,13,459F
10,ECE6,LCALL,1AAE,13,5896
10,ECED,LCALL,1AAE,13,5896
10,EE36,LCALL,1916,11,FCAE
10,EEE5,LCALL,197C,6,FA9B
10,EEEA,LCALL,160A,6,FBDF
10,EEEF,LCALL,1604,7,FD62
10,EEF9,LCALL,1AAE,13,5896
10,EEFF,LCALL,15FE,1,FA88
10,EF04,LCALL,18F2,12,E9E9
10,EF0B,LCALL,18E6,13,64AB
10,EF18,LCALL,1910,13,536D
10,EF41,LCALL,1616,8,BFCE
10,EF48,LCALL,15FE,1,FA88
10,EF56,LCALL,1910,13,536D
10,EF75,LCALL,1616,8,BFCE
10,EF7A,LCALL,18DA,13,663B
10,EF7F,LCALL,0C4A,6,98B9
10,EF82,LCALL,18C2,8,C4F1
10,EFA7,LCALL,1634,6,EAA3
10,EFB2,LCALL,1928,13,459F
10,EFF7,LCALL,0E8A,13,4FAA
10,F00B,LCALL,0DAC,5,FBC3
10,F024,LJMP,0B7E,5,E77F
10,F068,LCALL,1ABA,1,D2D8
10,F118,LCALL,1A4E,1,DC4F
10,F12C,LCALL,1A4E,1,DC4F
10,F13B,LCALL,1ABA,1,D2D8
10,F246,LJMP,1AC0,13,36BB
10,F2E6,LCALL,1A9C,13,49E3
10,F308,LCALL,1AA2,13,64CA
10,F32F,LCALL,1AA2,13,64CA
10,F346,LCALL,1A9C,13,49E3
10,F3FD,LCALL,1AA8,8,D83D
10,F416,LCALL,1AA8,8,D83D
10,F435,LCALL,1AA8,8,D83D
10,F439,LCALL,18BC,13,6803
10,F43E,LCALL,0B84,5,F920
10,F443,LCALL,0B84,5,F920
10,F448,LCALL,0B84,5,F920
10,F44D,LCALL,0B84,5,F920
10,F452,LCALL,0B84,5,F920
10,F457,LCALL,0B84,5,F920
10,F45C,LCALL,0B84,5,F920
10,F461,LCALL,0B84,5,F920
10,F466,LCALL,0B84,5,F920
10,F46B,LCALL,0B84,5,F920
10,F470,LCALL,0B84,5,F920
10,F475,LCALL,0B84,5,F920
10,F47A,LCALL,0B84,5,F920
10,F47F,LCALL,0B84,5,F920
10,F484,LCALL,0B84,5,F920
10,F489,LCALL,0B84,5,F920
10,F48E,LCALL,0B84,5,F920
10,F493,LCALL,0B84,5,F920
10,F49D,LCALL,1AAE,13,5896
10,F4A7,LCALL,1AAE,13,5896
10,F4AE,LCALL,1AAE,13,5896
10,F4BE,LCALL,1AD8,13,4842
10,F4C3,LCALL,1928,13,459F
10,F4C8,LCALL,0B84,5,F920
10,F4CD,LCALL,18DA,13,663B
10,F4D6,LCALL,1ADE,9,C744
10,F4E0,LCALL,1ADE,9,C744
10,F4EA,LCALL,1ADE,9,C744
10,F4ED,LCALL,167C,8,E7E4
10,F521,LCALL,1AAE,13,5896
10,F5EF,LCALL,0E54,7,FBA5
10,F5F7,LJMP,0E5A,7,FB8F
10,F609,LCALL,0E60,7,E0CD
10,F60D,LCALL,1628,13,65D3
10,F633,LCALL,1A42,8,D0C5
10,F65F,LCALL,18F8,1,F384
10,F68B,LCALL,1A42,8,D0C5
10,F697,LCALL,1532,7,FED0
10,F6CA,LCALL,0DAC,5,FBC3
10,F6CD,LCALL,1A7E,0,5A5C
10,F6E9,LCALL,1904,8,F213
10,F6FD,LCALL,1928,13,459F
10,F702,LCALL,1928,13,459F
10,F789,LCALL,1A42,8,D0C5
10,F78E,LCALL,1A42,8,D0C5
10,F797,LCALL,1A42,8,D0C5
10,F7A0,LCALL,1A42,8,D0C5
10,F871,LCALL,1928,13,459F
10,F878,LCALL,1AAE,13,5896
10,F87D,LCALL,0E8A,13,4FAA
10,F8EB,LJMP,0E8A,13,4FAA
10,F8F0,LCALL,1928,13,459F
10,F97E,LJMP,1922,1,D7A1
10,F9AC,LCALL,1AF0,6,C72E
10,F9E1,LCALL,1A42,8,D0C5
10,F9FD,LCALL,1A42,8,D0C5
10,FA16,LCALL,1AD2,12,F414
10,FA44,LCALL,1A42,8,D0C5
10,FA75,LJMP,1616,8,BFCE
10,FA78,LCALL,1A42,8,D0C5
10,FA8C,LCALL,1628,13,65D3
10,FA91,LCALL,17C6,0,FE02
10,FB4B,LCALL,0DAC,5,FBC3
10,FB54,LCALL,0DAC,5,FBC3
10,FB60,LJMP,1184,9,FCF5
10,FD09,LCALL,0E8A,13,4FAA
10,FD26,LCALL,0F3E,13,4CA4
10,FD2B,LCALL,0E8A,13,4FAA
10,FD53,LCALL,0DAC,5,FBC3
10,FD8C,LCALL,0E8A,13,4FAA
10,FD93,LCALL,0E8A,13,4FAA
10,FD9D,LCALL,0B06,7,FE16
10,FDC8,LCALL,161C,7,F8CB
10,FDCD,LCALL,1604,7,FD62
10,FDD2,LCALL,0C4A,6,98B9
10,FDE2,LJMP,0B7E,5,E77F
10,FDFB,LCALL,15C2,8,DDB3
10,FDFF,LCALL,19E2,8,F7D5
11,00A1,LCALL,0DD6,4,F8A6
11,011A,LCALL,0DDC,4,F90A
11,01A2,LCALL,0DE2,5,C755
11,2A41,LJMP,1C40,0,FCF6
11,2B5D,LCALL,0B24,3,F763
11,2B65,LCALL,0B2A,3,FEE4
11,2B68,LCALL,0B30,6,F10D
11,2B7C,LCALL,0B36,7,6558
11,2B81,LCALL,0B3C,7,D736
11,2B84,LCALL,0B42,3,FE1B
11,2C3E,LCALL,0B48,6,C984
11,2C41,LCALL,0B4E,6,F9B7
11,2C49,LCALL,0B54,6,E5F5
11,FC23,LCALL,1B3E,10,FBC9
11,FC31,LCALL,1B3E,10,FBC9
11,FC53,LCALL,1B3E,10,FBC9
11,FC75,LCALL,1B3E,10,FBC9
11,FC97,LCALL,1B3E,10,FBC9
11,FCA5,LCALL,1B3E,10,FBC9
11,FD0F,LCALL,0F4A,6,C3B9
11,FD58,LCALL,1C34,13,6771
11,FD70,LCALL,1AA2,13,64CA
11,FD77,LCALL,0DAC,5,FBC3
11,FE15,LCALL,158C,0,FE91
11,FE1A,LCALL,18BC,13,6803
11,FE1F,LCALL,1196,13,5E58
11,FE24,LCALL,0E8A,13,4FAA
12,00A1,LCALL,0DD6,4,F8A6
12,011A,LCALL,0DDC,4,F90A
12,01A2,LCALL,0DE2,5,C755
12,050C,LCALL,14C6,0,FE6F
12,053A,LCALL,14CC,0,6C06
12,072A,LCALL,0FB0,8,EAFE
12,098D,LCALL,0F9E,0,FC1C
12,09B5,LCALL,0FA4,0,61BE
12,09BD,LCALL,0FAA,0,6DE5
12,2A41,LJMP,1C40,0,FCF6
12,2B5D,LCALL,0B24,3,F763
12,2B65,LCALL,0B2A,3,FEE4
12,2B68,LCALL,0B30,6,F10D
12,2B7C,LCALL,0B36,7,6558
12,2B81,LCALL,0B3C,7,D736
12,2B84,LCALL,0B42,3,FE1B
12,2C3E,LCALL,0B48,6,C984
12,2C41,LCALL,0B4E,6,F9B7
12,2C49,LCALL,0B54,6,E5F5
12,E4BC,LCALL,159E,8,D02D
12,E4E0,LCALL,18A4,6,8810
12,E4E3,LCALL,15EC,8,D530
12,E4F1,LCALL,18A4,6,8810
12,E4FF,LCALL,1634,6,EAA3
12,E52E,LCALL,1880,6,C7FA
12,E533,LCALL,192E,4,F83F
12,E622,LCALL,1712,6,BEF1
12,E866,LCALL,1BDA,6,FEDA
12,E890,LCALL,1BE6,6,FA73
12,E8AE,LCALL,1502,0,FC54
12,E8BC,LCALL,1502,0,FC54
12,E96A,LCALL,1508,0,6D00
12,E97A,LCALL,187A,13,6284
12,E980,LCALL,1298,0,6B83
12,E9DE,LCALL,159E,8,D02D
12,EA97,LCALL,1916,11,FCAE
12,EC58,LJMP,1B0E,9,C186
12,ED06,LCALL,1916,11,FCAE
12,ED45,LCALL,1916,11,FCAE
12,ED4A,LCALL,1916,11,FCAE
12,ED55,LCALL,1916,11,FCAE
12,ED7B,LCALL,0DAC,5,FBC3
12,EEAE,LCALL,0EB4,5,EEE1
12,F063,LCALL,1B3E,10,FBC9
12,F0B3,LCALL,1916,11,FCAE
12,F0BC,LCALL,1B3E,10,FBC9
12,F0CA,LCALL,1B3E,10,FBC9
12,F0EC,LCALL,1B3E,10,FBC9
12,F10E,LCALL,1B3E,10,FBC9
12,F13A,LCALL,1BEC,8,E9E8
12,F172,LCALL,1BEC,8,E9E8
12,F208,LCALL,187A,13,6284
12,F211,LJMP,1298,0,6B83
12,F216,LCALL,1BE6,6,FA73
12,F22F,LCALL,1976,7,FE9A
12,F236,LCALL,192E,4,F83F
12,F23B,LCALL,0E8A,13,4FAA
12,F286,LCALL,0B7E,5,E77F
12,F2D8,LCALL,1514,9,FDBB
12,F2DD,LCALL,1946,9,FD38
12,F2F2,LCALL,1A8A,8,FE89
12,F2F7,LCALL,162E,13,3DE6
12,F314,LCALL,18C8,7,F82D
12,F31D,LCALL,161C,7,F8CB
12,F69D,LCALL,1BEC,8,E9E8
12,F6CB,LCALL,1796,6,AFFE
12,F6D0,LCALL,1BEC,8,E9E8
12,F6F8,LCALL,171E,6,FA87
12,F70B,LCALL,194C,6,E924
12,F71F,LCALL,194C,6,E924
12,F73E,LCALL,187A,13,6284
12,F744,LJMP,1298,0,6B83
12,F88F,LCALL,187A,13,6284
12,F895,LCALL,1298,0,6B83
12,F971,LCALL,171E,6,FA87
12,F9BF,LCALL,1868,13,6699
12,F9C2,LCALL,187A,13,6284
12,F9CB,LCALL,1298,0,6B83
12,FB46,LCALL,159E,8,D02D
12,FB49,LJMP,15C2,8,DDB3
12,FB57,LCALL,15EC,8,D530
12,FB66,LCALL,14BA,10,FB63
12,FB71,LCALL,1604,7,FD62
12,FB76,LCALL,0E8A,13,4FAA
12,FB7B,LCALL,0C4A,6,98B9
12,FB90,LCALL,1634,6,EAA3
12,FB95,LCALL,1622,10,D760
12,FBAB,LCALL,0B7E,5,E77F
12,FBC6,LCALL,162E,13,3DE6
12,FC11,LCALL,187A,13,6284
12,FC1A,LJMP,1298,0,6B83
12,FD98,LCALL,187A,13,6284
12,FDA1,LJMP,1298,0,6B83
12,FDB9,LCALL,187A,13,6284
12,FDC2,LJMP,1298,0,6B83
12,FE7A,LCALL,18C8,7,F82D
12,FE9E,LCALL,186E,7,F2FC
12,FEAA,LCALL,18C8,7,F82D
12,FEB0,LCALL,0B84,5,F920
12,FEB5,LCALL,0B84,5,F920
12,FECB,LCALL,1880,6,C7FA
12,FECE,LCALL,1BE0,8,EBBE
12,FEF8,LJMP,194C,6,E924
13,00A1,LCALL,0DD6,4,F8A6
13,011A,LCALL,0DDC,4,F90A
13,01A2,LCALL,0DE2,5,C755
13,072A,LCALL,0FB0,8,EAFE
13,098D,LCALL,0F9E,0,FC1C
13,09B5,LCALL,0FA4,0,61BE
13,09BD,LCALL,0FAA,0,6DE5
13,2A41,LJMP,1C40,0,FCF6
13,2B5D,LCALL,0B24,3,F763
13,2B65,LCALL,0B2A,3,FEE4
13,2B68,LCALL,0B30,6,F10D
13,2B7C,LCALL,0B36,7,6558
13,2B81,LCALL,0B3C,7,D736
13,2B84,LCALL,0B42,3,FE1B
13,2C3E,LCALL,0B48,6,C984
13,2C41,LCALL,0B4E,6,F9B7
13,2C49,LCALL,0B54,6,E5F5
13,373D,LCALL,1BC2,9,FBFA
13,3B23,LCALL,129E,0,FB60
13,3B26,LCALL,12A4,7,FCA7
13,3B67,LCALL,12AA,0,FE97
13,3BB1,LCALL,12AA,0,FE97
13,3C0F,LCALL,0B06,7,FE16
13,3C12,LCALL,12B0,10,FEED
13,3C6F,LJMP,1298,0,6B83
13,3C72,LCALL,12AA,0,FE97
13,3E4F,LCALL,150E,6,CFBC
13,43AC,LCALL,0EB4,5,EEE1
13,4474,LCALL,0F4A,6,C3B9
13,449C,LCALL,0F4A,6,C3B9
13,44B6,LJMP,0E60,7,E0CD
13,4961,LCALL,0EB4,5,EEE1
13,4979,LCALL,0F4A,6,C3B9
13,498A,LCALL,0F4A,6,C3B9
13,49A8,LCALL,0F4A,6,C3B9
13,49BE,LCALL,0F4A,6,C3B9
13,4AA0,LJMP,1BC2,9,FBFA
13,4B94,LCALL,14C0,0,FA7C
13,4BB7,LCALL,14C0,0,FA7C
13,4C3E,LCALL,14C0,0,FA7C
13,4C63,LCALL,14C0,0,FA7C
13,50BA,LCALL,1C3A,11,FE05
13,514B,LCALL,1BF2,9,FDCE
13,5205,LCALL,0EB4,5,EEE1
13,5245,LCALL,0F4A,6,C3B9
13,531A,LCALL,14C0,0,FA7C
13,5348,LCALL,14C0,0,FA7C
13,54A1,LCALL,14C0,0,FA7C
13,54CF,LCALL,14C0,0,FA7C
13,562E,LJMP,1298,0,6B83
13,5678,LJMP,0E60,7,E0CD
13,5687,LCALL,0E60,7,E0CD
13,5719,LCALL,150E,6,CFBC
13,5782,LCALL,0F8C,0,5CF9
13,57A0,LCALL,0F8C,0,5CF9
13,5B11,LCALL,0F4A,6,C3B9
13,5B32,LCALL,1508,0,6D00
13,5B5C,LCALL,1502,0,FC54
13,5BA7,LJMP,0E5A,7,FB8F
13,5C67,LCALL,0DAC,5,FBC3
13,5CA7,LJMP,0E5A,7,FB8F
13,5D31,LJMP,0E5A,7,FB8F
13,5D5D,LCALL,1BF2,9,FDCE
13,5D65,LCALL,1BF2,9,FDCE
13,5DDA,LCALL,0F4A,6,C3B9
13,5E0F,LCALL,0DAC,5,FBC3
13,5EBA,LCALL,1BF2,9,FDCE
13,5EE6,LCALL,150E,6,CFBC
13,5F57,LCALL,0DAC,5,FBC3
13,5FB9,LCALL,0F4A,6,C3B9
13,6021,LJMP,0E5A,7,FB8F
13,6047,LCALL,0DAC,5,FBC3
13,62C6,LCALL,0F4A,6,C3B9
13,62EB,LCALL,0F4A,6,C3B9
13,630E,LCALL,1508,0,6D00
13,6338,LJMP,0E5A,7,FB8F
13,635C,LJMP,0E5A,7,FB8F
13,6409,LJMP,0E5A,7,FB8F
13,6436,LCALL,151A,0,5BB0
13,6439,LCALL,1520,0,65C5
13,6441,LCALL,1526,0,693D
13,6444,LCALL,0FAA,0,6DE5
13,64A8,LJMP,0E5A,7,FB8F
13,64E5,LJMP,0F4A,6,C3B9
13,6535,LCALL,0DEE,4,F650
13,65A0,LJMP,1052,7,D0A6
13,65BA,LJMP,0E54,7,FBA5
13,65E1,LCALL,1514,9,FDBB
13,6610,LCALL,1502,0,FC54
13,6638,LJMP,1298,0,6B83
13,6696,LJMP,1292,9,EC3D
13,66BA,LJMP,0E5A,7,FB8F
13,677C,LJMP,1BC2,9,FBFA
