thunk,logical_bank,destination
0AE8,4,FB6A
0AEE,4,FEB3
0AF4,4,FD5E
0AFA,4,FE77
0B00,4,FE22
0B06,7,FE16
0B0C,4,FCC0
0B12,8,F263
0B18,6,D22E
0B1E,4,FDE8
0B24,3,F763
0B2A,3,FEE4
0B30,6,F10D
0B36,7,6558
0B3C,7,D736
0B42,3,FE1B
0B48,6,C984
0B4E,6,F9B7
0B54,6,E5F5
0B5A,5,FCF8
0B60,6,FE6F
0B66,6,FE84
0B6C,5,FA69
0B72,5,E671
0B78,4,FDD6
0B7E,5,E77F
0B84,5,F920
0B8A,6,EA0C
0B90,6,FEFC
0B96,4,F9BF
0B9C,6,E837
0BA2,2,FDAD
0BA8,7,C364
0BAE,7,A9A8
0BB4,5,E881
0BBA,5,E9F1
0BC0,7,DD14
0BC6,7,95B9
0BCC,6,F646
0BD2,8,FE6E
0BD8,3,FEF9
0BDE,6,FC39
0BE4,13,6687
0BEA,13,671D
0BF0,8,D159
0BF6,5,FDDC
0BFC,6,FE1E
0C02,10,FE68
0C08,7,BC21
0C0E,7,E73E
0C14,6,B283
0C1A,6,F688
0C20,5,FE7D
0C26,5,FDBE
0C2C,5,FE73
0C32,4,FE65
0C38,4,FC84
0C3E,6,EC11
0C44,6,FEE4
0C4A,6,98B9
0C50,6,FDFA
0C56,4,FEFC
0C5C,6,FECE
0C62,6,FE9C
0C68,6,FEA2
0C6E,5,C18E
0C74,10,F527
0C7A,13,683D
0C80,12,ED5F
0C86,6,F8FF
0C8C,4,FEE7
0C92,4,FE15
0C98,4,FEEA
0C9E,4,FEED
0CA4,8,F27D
0CAA,6,D05A
0CB0,6,F4CF
0CB6,8,FEE2
0CBC,6,FE47
0CC2,0,FBA2
0CC8,8,E6C4
0CCE,6,D7F4
0CD4,4,F755
0CDA,6,FC2A
0CE0,5,F05D
0CE6,5,F343
0CEC,8,F3E7
0CF2,6,DC71
0CF8,6,FEDE
0CFE,10,FD34
0D04,5,F0B9
0D0A,0,FE26
0D10,0,FCC1
0D16,5,CA9B
0D1C,0,58E5
0D22,0,FE53
0D28,5,FCBB
0D2E,10,FCB8
0D34,0,FACB
0D3A,0,FD5B
0D40,6,FEEA
0D46,6,FEE7
0D4C,4,FEDB
0D52,6,FE8A
0D58,4,FEDE
0D5E,4,FED8
0D64,8,FE50
0D6A,8,FE46
0D70,8,FE30
0D76,6,A7EB
0D7C,6,F86B
0D82,8,F3C1
0D88,6,F9CD
0D8E,8,FE5A
0D94,6,FC9A
0D9A,5,F88D
0DA0,8,FE3B
0DA6,8,FE77
0DAC,5,FBC3
0DB2,6,F0A3
0DB8,6,F4F6
0DBE,4,EC1F
0DC4,7,FE48
0DCA,6,FB61
0DD0,6,FD5C
0DD6,4,F8A6
0DDC,4,F90A
0DE2,5,C755
0DE8,6,8C23
0DEE,4,F650
0DF4,5,CFB0
0DFA,8,F297
0E00,5,FEE8
0E06,5,EE7D
0E0C,5,FD7D
0E12,5,FEE2
0E18,4,FE2E
0E1E,4,FE07
0E24,8,FED3
0E2A,4,FDB0
0E30,8,D30C
0E36,4,FECB
0E3C,8,FECF
0E42,8,C34B
0E48,4,FEFE
0E4E,5,F10C
0E54,7,FBA5
0E5A,7,FB8F
0E60,7,E0CD
0E66,13,5F62
0E6C,13,610A
0E72,7,FDB7
0E78,13,54E4
0E7E,13,59EE
0E84,7,FCC7
0E8A,13,4FAA
0E90,13,6052
0E96,13,5E1F
0E9C,13,4F15
0EA2,3,FED8
0EA8,3,FE99
0EAE,5,F9EC
0EB4,5,EEE1
0EBA,8,EE13
0EC0,13,672B
0EC6,2,FE8C
0ECC,5,FE16
0ED2,13,66CE
0ED8,13,625F
0EDE,13,6024
0EE4,13,677F
0EEA,6,F300
0EF0,8,F7A5
0EF6,5,FD8E
0EFC,8,A1DD
0F02,10,FAFB
0F08,10,F7AA
0F0E,10,FC25
0F14,5,F652
0F1A,13,6575
0F20,5,B0A3
0F26,13,6080
0F2C,13,599D
0F32,13,6191
0F38,5,FEEE
0F3E,13,4CA4
0F44,5,DAC5
0F4A,6,C3B9
0F50,13,57D4
0F56,5,FA87
0F5C,5,F7EF
0F62,7,FE7F
0F68,7,B0CA
0F6E,7,FBFA
0F74,7,DC91
0F7A,1,FED4
0F80,8,E86E
0F86,13,640C
0F8C,0,5CF9
0F92,6,FE90
0F98,5,FBF3
0F9E,0,FC1C
0FA4,0,61BE
0FAA,0,6DE5
0FB0,8,EAFE
0FB6,8,F7F5
0FBC,8,F249
0FC2,8,8FF6
0FC8,8,FAEF
0FCE,8,FE9B
0FD4,8,FC74
0FDA,8,E593
0FE0,8,E543
0FE6,8,FE64
0FEC,7,DE87
0FF2,12,F747
0FF8,7,9E65
0FFE,7,C62E
1004,7,FE70
100A,7,EDD9
1010,7,E5DB
1016,7,EBC4
101C,8,F804
1022,7,CA7F
1028,7,FDF9
102E,12,FCDD
1034,8,DD48
103A,7,EA3A
1040,8,FE80
1046,12,FA57
104C,7,CC1C
1052,7,D0A6
1058,7,F0F4
105E,3,F66C
1064,7,FAD1
106A,6,B148
1070,7,FE58
1076,7,FE68
107C,7,FE60
1082,8,F02B
1088,6,AEAE
108E,6,FA37
1094,5,F9AC
109A,6,F5B6
10A0,6,D98C
10A6,6,FE7D
10AC,6,FC56
10B2,6,FC64
10B8,5,CD6B
10BE,5,F588
10C4,5,F235
10CA,5,FD9E
10D0,5,EF43
10D6,5,F83F
10DC,5,F817
10E2,8,D5B4
10E8,5,F5BB
10EE,5,F621
10F4,13,4767
10FA,5,F944
1100,5,FA4A
1106,5,EE16
110C,5,C38B
1112,5,F98A
1118,3,F980
111E,5,ECBD
1124,5,F4EB
112A,5,ED31
1130,6,FE2F
1136,8,88ED
113C,7,FD17
1142,6,D766
1148,8,BBD6
114E,8,FECB
1154,6,FCB4
115A,6,FCC1
1160,6,FCCE
1166,8,EB30
116C,8,D428
1172,8,EC19
1178,7,F163
117E,7,FBE5
1184,9,FCF5
118A,13,5BEE
1190,13,63C8
1196,13,5E58
119C,13,6506
11A2,8,FAC5
11A8,5,FB93
11AE,2,FDCC
11B4,13,5264
11BA,5,FEA9
11C0,6,BCCE
11C6,6,9BFC
11CC,7,F56E
11D2,7,FCD7
11D8,7,FE8D
11DE,7,FD35
11E4,7,D859
11EA,7,F6CF
11F0,7,E6E6
11F6,7,FDC3
11FC,7,9CB1
1202,7,FCE7
1208,7,F3E6
120E,4,FC13
1214,7,FEDF
121A,4,FD2E
1220,4,FB98
1226,4,FEFA
122C,4,FD89
1232,1,FBC6
1238,13,67DD
123E,13,65E9
1244,3,FEFC
124A,4,FB39
1250,13,5631
1256,7,F4F0
125C,13,4E80
1262,13,67C8
1268,7,FEEC
126E,3,FBC1
1274,4,FCDE
127A,4,F968
1280,4,FEB9
1286,7,E7EC
128C,13,393C
1292,9,EC3D
1298,0,6B83
129E,0,FB60
12A4,7,FCA7
12AA,0,FE97
12B0,10,FEED
12B6,7,FBBB
12BC,7,FD9D
12C2,7,FEA0
12C8,7,FD8F
12CE,13,658E
12D4,5,EDA5
12DA,8,EFED
12E0,8,F7B5
12E6,8,EE80
12EC,8,F315
12F2,8,F7C5
12F8,8,F2B1
12FE,8,EEE8
1304,8,F152
130A,4,FA13
1310,4,FE5B
1316,7,FDD9
131C,7,FEBE
1322,8,EC46
1328,0,FDB1
132E,4,FA9A
1334,1,FEF8
133A,7,F38B
1340,4,FEF7
1346,2,FEFD
134C,2,FEF8
1352,4,FE9E
1358,2,FEEA
135E,4,FEA5
1364,2,F152
136A,2,FE62
1370,5,FD47
1376,0,5757
137C,4,FE97
1382,4,FE89
1388,2,FAAF
138E,4,FE90
1394,2,FB37
139A,4,FEE4
13A0,4,FA5C
13A6,4,FEFB
13AC,4,FEF3
13B2,4,FE80
13B8,13,6614
13BE,13,5F93
13C4,13,6747
13CA,13,644D
13D0,4,F6D4
13D6,13,42C8
13DC,13,61E8
13E2,13,5DE5
13E8,1,FEC1
13EE,4,F5CC
13F4,4,FCA2
13FA,4,F7D4
1400,13,5F2E
1406,13,5C30
140C,1,FD3B
1412,13,6661
1418,13,6674
141E,13,65A6
1424,13,66AB
142A,4,FEF9
1430,4,FEE1
1436,7,FE1F
143C,7,FA52
1442,4,FD15
1448,7,E8EF
144E,0,6A67
1454,4,FE51
145A,4,FD9D
1460,4,FC5F
1466,4,FAD3
146C,8,E17B
1472,9,FB97
1478,7,FE40
147E,4,F45B
1484,4,F2F5
148A,4,FCFA
1490,13,66EF
1496,4,FEFD
149C,4,FE46
14A2,4,FE3A
14A8,4,FEC5
14AE,4,FB07
14B4,4,FDC3
14BA,10,FB63
14C0,0,FA7C
14C6,0,FE6F
14CC,0,6C06
14D2,4,FEF5
14D8,4,FE6E
14DE,4,FEAC
14E4,4,FD74
14EA,4,FEBF
14F0,4,FEF0
14F6,4,FD46
14FC,4,FC39
1502,0,FC54
1508,0,6D00
150E,6,CFBC
1514,9,FDBB
151A,0,5BB0
1520,0,65C5
1526,0,693D
152C,2,E597
1532,7,FED0
1538,1,FAF7
153E,13,4914
1544,13,633B
154A,13,5FF5
1550,13,6317
1556,13,648C
155C,13,63EA
1562,0,6E50
1568,13,5C72
156E,13,5CF4
1574,1,FB5F
157A,5,F7C5
1580,8,D4AC
1586,13,5DAB
158C,0,FE91
1592,13,6837
1598,8,CC40
159E,8,D02D
15A4,8,ECA0
15AA,5,E1CF
15B0,8,DBFB
15B6,12,FE84
15BC,13,63A5
15C2,8,DDB3
15C8,8,D93C
15CE,9,D6A7
15D4,10,E3DD
15DA,8,D6BA
15E0,4,FED4
15E6,8,CE46
15EC,8,D530
15F2,8,E679
15F8,10,F439
15FE,1,FA88
1604,7,FD62
160A,6,FBDF
1610,10,E61C
1616,8,BFCE
161C,7,F8CB
1622,10,D760
1628,13,65D3
162E,13,3DE6
1634,6,EAA3
163A,10,F60D
1640,10,AD44
1646,13,52E9
164C,7,F7A4
1652,8,8B52
1658,9,FD52
165E,9,F188
1664,9,FC11
166A,10,FDE5
1670,1,EAEB
1676,10,DE50
167C,8,E7E4
1682,7,D8E6
1688,0,FD2A
168E,0,5F02
1694,0,6AFB
169A,12,F22F
16A0,6,CE76
16A6,6,7E96
16AC,6,FC72
16B2,12,FEC2
16B8,9,F895
16BE,9,F8E7
16C4,9,FEFF
16CA,8,B4CD
16D0,2,FED5
16D6,12,FDC5
16DC,12,FEEF
16E2,5,E268
16E8,2,FC1B
16EE,9,FAA2
16F4,2,FA66
16FA,7,FCB7
1700,7,FEDA
1706,6,F42E
170C,6,F3DB
1712,6,BEF1
1718,6,7B97
171E,6,FA87
1724,12,FEE6
172A,9,F5E8
1730,9,FD03
1736,9,FC77
173C,5,FE08
1742,5,FE87
1748,6,FA22
174E,5,FABF
1754,5,FD0C
175A,5,FD34
1760,8,EC73
1766,8,EA95
176C,6,FEF9
1772,5,F15D
1778,5,F5EE
177E,6,FE4F
1784,5,FC38
178A,6,FEF0
1790,6,FE57
1796,6,AFFE
179C,8,EEC6
17A2,6,F3B1
17A8,5,FB11
17AE,6,FEC4
17B4,2,FE36
17BA,0,FA2A
17C0,0,FC8B
17C6,0,FE02
17CC,0,6D77
17D2,13,4BFE
17D8,13,4B54
17DE,13,5470
17E4,13,5836
17EA,8,E82B
17F0,7,F717
17F6,13,43C2
17FC,7,FEF6
1802,6,C0F3
1808,6,D2C7
180E,13,569D
1814,6,FDA9
181A,13,5948
1820,6,FEF6
1826,6,BFF3
182C,0,FDD2
1832,12,FEAE
1838,13,3400
183E,11,F7A2
1844,12,E431
184A,13,55C4
1850,13,3B04
1856,13,6628
185C,13,66FF
1862,8,5FEF
1868,13,6699
186E,7,F2FC
1874,13,576F
187A,13,6284
1880,6,C7FA
1886,8,FAE1
188C,8,7564
1892,8,BCDB
1898,8,C741
189E,8,DC6C
18A4,6,8810
18AA,8,E5E2
18B0,6,E6EF
18B6,6,FEE1
18BC,13,6803
18C2,8,C4F1
18C8,7,F82D
18CE,12,FE9A
18D4,10,FE9B
18DA,13,663B
18E0,8,7E52
18E6,13,64AB
18EC,13,6755
18F2,12,E9E9
18F8,1,F384
18FE,10,F142
1904,8,F213
190A,3,FEFF
1910,13,536D
1916,11,FCAE
191C,13,50CA
1922,1,D7A1
1928,13,459F
192E,4,F83F
1934,10,FEB0
193A,9,B362
1940,9,F292
1946,9,FD38
194C,6,E924
1952,6,FD9E
1958,10,FEE2
195E,12,FEF5
1964,12,FE3B
196A,2,FBB0
1970,13,5709
1976,7,FE9A
197C,6,FA9B
1982,6,FEA8
1988,12,FEFE
198E,13,6799
1994,12,FE54
199A,10,EECA
19A0,12,FEFB
19A6,12,FB5B
19AC,8,E49A
19B2,10,FDC1
19B8,12,FED4
19BE,8,EE5C
19C4,6,C8C2
19CA,0,4EDA
19D0,0,6689
19D6,8,B9A9
19DC,10,CA2A
19E2,8,F7D5
19E8,10,DAD9
19EE,10,D370
19F4,8,CA28
19FA,10,F249
1A00,8,F22E
1A06,10,BE8C
1A0C,10,F981
1A12,10,C52C
1A18,10,FD97
1A1E,7,798A
1A24,10,E816
1A2A,10,F85D
1A30,6,FDB4
1A36,6,FEAE
1A3C,6,FBB1
1A42,8,D0C5
1A48,10,FE4A
1A4E,1,DC4F
1A54,1,ED07
1A5A,1,F0BF
1A60,6,B97F
1A66,10,F34A
1A6C,0,6438
1A72,0,5FF6
1A78,2,DF25
1A7E,0,5A5C
1A84,0,6EB9
1A8A,8,FE89
1A90,5,F798
1A96,10,FA05
1A9C,13,49E3
1AA2,13,64CA
1AA8,8,D83D
1AAE,13,5896
1AB4,8,D8BD
1ABA,1,D2D8
1AC0,13,36BB
1AC6,1,F7B2
1ACC,13,53F1
1AD2,12,F414
1AD8,13,4842
1ADE,9,C744
1AE4,12,F899
1AEA,13,5A3C
1AF0,6,C72E
1AF6,1,F4C8
1AFC,13,5A89
1B02,1,E815
1B08,8,C41E
1B0E,9,C186
1B14,11,FE5F
1B1A,11,FD9D
1B20,4,F142
1B26,3,F060
1B2C,10,ED5C
1B32,11,FB40
1B38,12,EFF2
1B3E,10,FBC9
1B44,13,653F
1B4A,13,5EFA
1B50,6,F851
1B56,13,67FA
1B5C,13,670E
1B62,13,5CB4
1B68,13,678C
1B6E,13,503A
1B74,6,C2D4
1B7A,6,EC58
1B80,5,DC5E
1B86,2,EEF6
1B8C,0,6749
1B92,5,D761
1B98,2,EB91
1B9E,0,629A
1BA4,8,E230
1BAA,13,58F2
1BB0,13,664E
1BB6,4,FEFF
1BBC,3,FEFE
1BC2,9,FBFA
1BC8,8,CEEF
1BCE,12,FE21
1BD4,7,EE22
1BDA,6,FEDA
1BE0,8,EBBE
1BE6,6,FA73
1BEC,8,E9E8
1BF2,9,FDCE
1BF8,13,5E91
1BFE,13,646D
1C04,6,FEB4
1C0A,12,FE04
1C10,8,FAD3
1C16,7,F995
1C1C,7,5F42
1C22,7,8B5C
1C28,13,6137
1C2E,13,6763
1C34,13,6771
1C3A,11,FE05
1C40,0,FCF6
