physical_bank,jump_site,input_R7,entry,target
4,EC36,01,EC37,ECA3
4,EC36,02,EC3A,ECAB
4,EC36,03,EC3D,ECB1
4,EC36,04,EC40,ECD8
4,EC36,05,EC43,ECD1
4,EC36,06,EC46,F129
4,EC36,07,EC49,ECE6
4,EC36,08,EC4C,ECF5
4,EC36,09,EC4F,EE27
4,EC36,0A,EC52,EE12
4,EC36,0B,EC55,EEC5
4,EC36,0C,EC58,EF47
4,EC36,0D,EC5B,EF4E
4,EC36,0E,EC5E,F08C
4,EC36,0F,EC61,F0A3
4,EC36,10,EC64,F0AA
4,EC36,11,EC67,F0AF
4,EC36,12,EC6A,F129
4,EC36,13,EC6D,F0B2
4,EC36,14,EC70,F0B5
4,EC36,15,EC73,F0B8
4,EC36,16,EC76,F0BB
4,EC36,17,EC79,EFDB
4,EC36,18,EC7C,F0DB
4,EC36,19,EC7F,EFCD
4,EC36,1A,EC82,ECDF
4,EC36,1B,EC85,F0DE
4,EC36,1C,EC88,F0E1
4,EC36,1D,EC8B,F129
4,EC36,1E,EC8E,EED3
4,EC36,1F,EC91,EF1F
4,EC36,20,EC94,F0E8
4,EC36,21,EC97,F129
4,EC36,22,EC9A,F0F0
4,EC36,23,EC9D,F0FD
4,EC36,24,ECA0,EFBD
