physical_bank,site,kind,target,cfg_boundary
9,A583,LCALL,1862,True
9,C0DF,LCALL,1862,False
9,C0E9,LCALL,1862,False
9,C0F5,LCALL,1862,False
9,C0FD,LCALL,1862,False
9,C10B,LCALL,1862,False
9,C121,LCALL,1862,False
9,C560,LCALL,1862,False
9,C56C,LCALL,1862,False
9,C574,LCALL,1862,False
9,C582,LCALL,1862,False
9,C598,LCALL,1862,False
9,C5BA,LCALL,1862,False
9,C5C6,LCALL,1862,False
9,C5D2,LCALL,1862,False
9,C63E,LCALL,1862,False
9,CA68,LCALL,1862,False
9,CA74,LCALL,1862,False
9,CA7C,LCALL,1862,False
9,CA8A,LCALL,1862,False
9,CAA0,LCALL,1862,False
9,CAC2,LCALL,1862,False
9,CACE,LCALL,1862,False
9,CADA,LCALL,1862,False
9,CC58,LCALL,1862,False
9,CC71,LCALL,1862,False
9,CC7D,LCALL,1862,False
9,CC85,LCALL,1862,False
9,CC93,LCALL,1862,False
9,CCA9,LCALL,1862,False
9,CCC0,LCALL,1862,False
9,CCCC,LCALL,1862,False
9,CCD8,LCALL,1862,False
9,CCF7,LCALL,1862,False
9,CE2D,LCALL,1862,False
9,CE37,LCALL,1862,False
9,CE43,LCALL,1862,False
9,CE4B,LCALL,1862,False
9,CE59,LCALL,1862,False
9,CE6F,LCALL,1862,False
9,CE86,LCALL,1862,False
9,CE92,LCALL,1862,False
9,CE9E,LCALL,1862,False
9,CEF6,LCALL,1862,False
9,CF02,LCALL,1862,False
9,CF0A,LCALL,1862,False
9,CF18,LCALL,1862,False
9,CF2E,LCALL,1862,False
9,CF45,LCALL,1862,False
9,CF51,LCALL,1862,False
9,CF5D,LCALL,1862,False
9,D155,LCALL,1862,False
9,D161,LCALL,1862,False
9,D169,LCALL,1862,False
9,D177,LCALL,1862,False
9,D18D,LCALL,1862,False
9,D1B3,LCALL,1862,False
9,D1BF,LCALL,1862,False
9,D1CB,LCALL,1862,False
9,D309,LCALL,1862,False
9,D315,LCALL,1862,False
9,D31D,LCALL,1862,False
9,D32B,LCALL,1862,False
9,D341,LCALL,1862,False
9,D358,LCALL,1862,False
9,D364,LCALL,1862,False
9,D370,LCALL,1862,False
9,D38F,LCALL,1862,False
9,D3CF,LCALL,1862,False
9,D3DB,LCALL,1862,False
9,D3E3,LCALL,1862,False
9,D3F1,LCALL,1862,False
9,D407,LCALL,1862,False
9,D41E,LCALL,1862,False
9,D42A,LCALL,1862,False
9,D436,LCALL,1862,False
9,D455,LCALL,1862,False
9,D491,LCALL,1862,False
9,D49D,LCALL,1862,False
9,D4A5,LCALL,1862,False
9,D4B3,LCALL,1862,False
9,D4C9,LCALL,1862,False
9,D4E0,LCALL,1862,False
9,D4EC,LCALL,1862,False
9,D4F8,LCALL,1862,False
9,D517,LCALL,1862,False
9,D556,LCALL,1862,False
9,D562,LCALL,1862,False
9,D56A,LCALL,1862,False
9,D578,LCALL,1862,False
9,D58E,LCALL,1862,False
9,D5A5,LCALL,1862,False
9,D5B1,LCALL,1862,False
9,D5BD,LCALL,1862,False
9,D770,LCALL,1862,False
9,D77C,LCALL,1862,False
9,D784,LCALL,1862,False
9,D792,LCALL,1862,False
9,D7A8,LCALL,1862,False
9,D7FE,LCALL,1862,False
9,D9A7,LCALL,1862,False
9,D9B3,LCALL,1862,False
9,D9BB,LCALL,1862,False
9,D9C9,LCALL,1862,False
9,D9DF,LCALL,1862,False
9,D9F6,LCALL,1862,False
9,DA02,LCALL,1862,False
9,DA0E,LCALL,1862,False
9,DA2D,LCALL,1862,False
9,DBB2,LCALL,1862,False
9,DBBE,LCALL,1862,False
9,DBC6,LCALL,1862,False
9,DBD4,LCALL,1862,False
9,DBEA,LCALL,1862,False
9,DC10,LCALL,1862,False
9,DC1C,LCALL,1862,False
9,DC28,LCALL,1862,False
9,DC47,LCALL,1862,False
9,DC62,LCALL,1862,False
9,DC6E,LCALL,1862,False
9,DC76,LCALL,1862,False
9,DC84,LCALL,1862,False
9,DC9A,LCALL,1862,False
9,DCC0,LCALL,1862,False
9,DCCC,LCALL,1862,False
9,DCD8,LCALL,1862,False
9,DD0F,LCALL,1862,False
9,DD1B,LCALL,1862,False
9,DD23,LCALL,1862,False
9,DD31,LCALL,1862,False
9,DD47,LCALL,1862,False
9,DD6D,LCALL,1862,False
9,DD79,LCALL,1862,False
9,DD85,LCALL,1862,False
9,DDBC,LCALL,1862,False
9,DDC8,LCALL,1862,False
9,DDD0,LCALL,1862,False
9,DDDE,LCALL,1862,False
9,DDF4,LCALL,1862,False
9,DE1A,LCALL,1862,False
9,DE26,LCALL,1862,False
9,DE32,LCALL,1862,False
9,DF0F,LCALL,1862,False
9,DF1B,LCALL,1862,False
9,DF23,LCALL,1862,False
9,DF31,LCALL,1862,False
9,DF47,LCALL,1862,False
9,DFA2,LCALL,1862,False
9,DFAE,LCALL,1862,False
9,DFB6,LCALL,1862,False
9,DFC4,LCALL,1862,False
9,DFDA,LCALL,1862,False
9,E031,LCALL,1862,False
9,E03D,LCALL,1862,False
9,E045,LCALL,1862,False
9,E053,LCALL,1862,False
9,E069,LCALL,1862,False
9,E14D,LCALL,1862,False
9,E15A,LCALL,1862,False
9,E163,LCALL,1862,False
9,E172,LCALL,1862,False
9,E18E,LCALL,1862,False
9,E1EB,LCALL,1862,False
9,E1F3,LCALL,1862,False
9,E201,LCALL,1862,False
9,E216,LCALL,1862,False
9,E26A,LCALL,1862,False
9,E276,LCALL,1862,False
9,E27E,LCALL,1862,False
9,E28C,LCALL,1862,False
9,E2A2,LCALL,1862,False
9,E2FE,LCALL,1862,False
9,E30A,LCALL,1862,False
9,E312,LCALL,1862,False
9,E320,LCALL,1862,False
9,E336,LCALL,1862,False
9,E40A,LCALL,1862,False
9,E416,LCALL,1862,False
9,E41E,LCALL,1862,False
9,E42C,LCALL,1862,False
9,E442,LCALL,1862,False
9,E490,LCALL,1862,False
9,E49D,LCALL,1862,False
9,E4A6,LCALL,1862,False
9,E4B5,LCALL,1862,False
9,E4CB,LCALL,1862,False
9,E838,LCALL,1862,False
9,EAF7,LCALL,1862,False
9,EB3A,LCALL,1862,False
9,EB46,LCALL,1862,False
9,EB54,LCALL,1862,False
9,EB6A,LCALL,1862,False
9,EE10,LCALL,1862,False
9,EE5D,LCALL,1862,False
9,EF41,LCALL,1862,False
9,F1FC,LCALL,1862,False
9,F388,LCALL,1862,False
9,F3FD,LCALL,1862,False
9,F5E1,LCALL,1862,False
9,F9AE,LCALL,1862,False
10,B041,LCALL,1862,True
10,B1F5,LCALL,1862,False
10,B229,LCALL,1862,False
10,B236,LCALL,1862,False
10,B243,LCALL,1862,False
10,B5EF,LCALL,1862,False
10,C2C0,LCALL,1862,True
10,C387,LCALL,1862,True
10,C4A7,LCALL,1862,True
10,C4C3,LCALL,1862,True
10,C4DF,LCALL,1862,True
10,C4F5,LCALL,1862,True
10,C50B,LCALL,1862,True
10,D5CF,LCALL,1862,True
10,D5DE,LCALL,1862,True
10,D5ED,LCALL,1862,True
10,D61B,LCALL,1862,True
10,D695,LCALL,1862,True
10,D6C4,LCALL,1862,True
10,D6D6,LCALL,1862,True
10,D6E5,LCALL,1862,True
10,D702,LCALL,1862,True
10,D71F,LCALL,1862,True
