selector_hex,mode0,mode1,mode2,mode3,mode4_to_FF
00,0,0,0,1,0
01,0,0,0,1,0
02,0,0,0,1,0
03,1 - ((X[D9FF] >> 4) & 1),1,0,1,0
04,1 - ((X[D9FF] >> 7) & 1),1,0,1,0
05,1 - ((X[D9FF] >> 6) & 1),1,0,1,0
06,0,0,0,1,0
07,0,0,0,1,0
08,0,0,0,1,0
09,0,0,0,1,0
0A,0,0,0,1,0
0B,0,0,0,1,0
0C,X[DA0A] & 0F,8,0,1,0
0D,0,0,0,1,0
0E,0,0,0,1,0
0F,X[DA06] & 0F,7,0,1,0
10,X[DA06] & 0F,7,0,1,0
11,X[DA06] & 0F,7,0,1,0
12,X[DA06] & 0F,7,0,1,0
13,X[DA06] & 0F,7,0,1,0
14,X[DA06] & 0F,7,0,1,0
15,X[DA06] & 0F,7,0,1,0
16,X[DA06] & 0F,7,0,1,0
17,X[DA0E] >> 4,4,0,1,0
18,X[DA0E] >> 4,4,0,1,0
19,X[DA0E] >> 4,4,0,1,0
1A,X[DA0E] >> 4,4,0,1,0
1B,X[DA0E] >> 4,4,0,1,0
1C,X[DA3D],100,0,1,0
1D,X[DA3E],100,0,1,0
1E,X[DA3F],100,0,1,0
1F,X[DA41],5,0,1,0
20,X[DA42],2,0,1,0
21,X[DA43],100,0,10,0
22,X[DA08],100,0,20,0
23,v=X[DA0E]&3; return 0 if v==1 and DA68.bit2==0 else v,1,0,1,0
24,X[DA17],100,0,25,0
25,X[DA44] == 0,1,0,1,0
26,0,0,0,1,0
27,0,0,0,1,0
28,1 - ((X[D9FD] >> 5) & 1),1,0,1,0
29,1 - ((X[D9FE] >> 6) & 1),1,0,1,0
2A,1 - ((X[DA00] >> 0) & 1),1,0,1,0
2B,X[D9F9],100,0,1,0
2C,1 - ((X[D9FF] >> 5) & 1),1,0,1,0
2D,1 - ((X[D9FF] >> 4) & 1),1,0,1,0
2E,1 - ((X[DA00] >> 3) & 1),1,0,1,0
2F,1 - ((X[DA0F] >> 0) & 1),1,0,1,0
30,1 - ((X[D9FE] >> 5) & 1),1,0,1,0
31,0,0,0,1,0
32,X[DA03] & 3F,20,0,1,0
33,1 - ((X[D9FD] >> 6) & 1),1,0,1,0
34,0,0,0,1,0
35,1 - ((X[D9FD] >> 1) & 1),1,0,1,0
36,1 (every mode),1,1,1,1
37,X[DA0B] & 0F,0,0,1,0
38,X[DA0C] & 0F,0,0,1,0
39,X[DA0D] & 0F,0,0,1,0
3A,0,0,0,1,0
3B,0,0,0,1,0
3C,0,0,0,1,0
3D,0,0,0,1,0
3E,0,0,0,1,0
3F,0,0,0,1,0
40,0,0,0,1,0
41,0,0,0,1,0
42,1 - ((X[D9FF] >> 4) & 1),1,0,1,0
43,1 - ((X[D9FF] >> 7) & 1),1,0,1,0
44,X[DA04],120,10,10,0
45,1 - ((X[D9FD] >> 2) & 1),1,0,1,0
46,X[DA07],100,0,20,0
47,0,0,0,1,0
48,0,0,0,1,0
49,0,0,0,1,0
4A,0,0,0,1,0
4B,0,0,0,1,0
4C,0,0,0,1,0
4D,0,0,0,1,0
4E,0,0,0,1,0
4F,0,0,0,1,0
50,"clamp(X[DA21] - 28, 0, 100)",100,0,1,0
51,"clamp(X[DA22] - 28, 0, 100)",100,0,1,0
52,"clamp(X[DA23] - 28, 0, 100)",100,0,1,0
53,0,0,0,1,0
54,0,0,0,1,0
55,0,0,0,1,0
56,0,0,0,1,0
57,0,0,0,1,0
58,0,0,0,1,0
59,0,0,0,1,0
5A,0,0,0,1,0
5B,0,0,0,1,0
5C,0,0,0,1,0
5D,(X[DA92] >> 4) & 1,1,0,0,0
5E,0,0,0,1,0
5F,0,0,0,1,0
60,0,0,0,1,0
61,0,0,0,1,0
62,0,0,0,1,0
63,0,0,0,1,0
64,0,0,0,1,0
65,0,0,0,1,0
66,0,0,0,1,0
67,0,0,0,1,0
68,0,0,0,1,0
69,0,0,0,1,0
6A,0,0,0,1,0
6B,0,0,0,1,0
6C,0,0,0,1,0
6D,0,0,0,1,0
6E,0,0,0,1,0
6F,0,0,0,1,0
70,0,0,0,1,0
71,0,0,0,1,0
72,0,0,0,1,0
73,0,0,0,1,0
74,0,0,0,1,0
75,0,0,0,1,0
76,0,0,0,1,0
77,0,0,0,1,0
78,0,0,0,1,0
79,0,0,0,1,0
7A,0,0,0,1,0
7B,0,0,0,1,0
7C,0,0,0,1,0
7D,0,0,0,1,0
7E,0,0,0,1,0
7F,0,0,0,1,0
80,0,0,0,1,0
81,0,0,0,1,0
82,0,0,0,1,0
83,0,0,0,1,0
84,0,0,0,1,0
85,0,0,0,1,0
86,0,0,0,1,0
87,0,0,0,1,0
88,0,0,0,1,0
89,0,0,0,1,0
8A,0,0,0,1,0
8B,0,0,0,1,0
8C,0,0,0,1,0
8D,0,0,0,1,0
8E,0,0,0,1,0
8F,0,0,0,1,0
90,0,0,0,1,0
91,0,0,0,1,0
92,0,0,0,1,0
93,0,0,0,1,0
94,0,0,0,1,0
95,0,0,0,1,0
96,0,0,0,1,0
97,0,0,0,1,0
98,0,0,0,1,0
99,0,0,0,1,0
9A,0,0,0,1,0
9B,0,0,0,1,0
9C,0,0,0,1,0
9D,0,0,0,1,0
9E,0,0,0,1,0
9F,0,0,0,1,0
A0,0,0,0,1,0
A1,0,0,0,1,0
A2,0,0,0,1,0
A3,0,0,0,1,0
A4,0,0,0,1,0
A5,0,0,0,1,0
A6,0,0,0,1,0
A7,0,0,0,1,0
A8,0,0,0,1,0
A9,0,0,0,1,0
AA,0,0,0,1,0
AB,0,0,0,1,0
AC,0,0,0,1,0
AD,0,0,0,1,0
AE,0,0,0,1,0
AF,0,0,0,1,0
B0,0,0,0,1,0
B1,0,0,0,1,0
B2,0,0,0,1,0
B3,0,0,0,1,0
B4,0,0,0,1,0
B5,0,0,0,1,0
B6,0,0,0,1,0
B7,0,0,0,1,0
B8,0,0,0,1,0
B9,0,0,0,1,0
BA,0,0,0,1,0
BB,0,0,0,1,0
BC,0,0,0,1,0
BD,0,0,0,1,0
BE,0,0,0,1,0
BF,0,0,0,1,0
C0,0,0,0,1,0
C1,0,0,0,1,0
C2,0,0,0,1,0
C3,0,0,0,1,0
C4,0,0,0,1,0
C5,0,0,0,1,0
C6,0,0,0,1,0
C7,0,0,0,1,0
C8,0,0,0,1,0
C9,0,0,0,1,0
CA,0,0,0,1,0
CB,0,0,0,1,0
CC,0,0,0,1,0
CD,0,0,0,1,0
CE,0,0,0,1,0
CF,0,0,0,1,0
D0,0,0,0,1,0
D1,0,0,0,1,0
D2,0,0,0,1,0
D3,0,0,0,1,0
D4,0,0,0,1,0
D5,0,0,0,1,0
D6,0,0,0,1,0
D7,0,0,0,1,0
D8,0,0,0,1,0
D9,0,0,0,1,0
DA,0,0,0,1,0
DB,0,0,0,1,0
DC,0,0,0,1,0
DD,0,0,0,1,0
DE,0,0,0,1,0
DF,0,0,0,1,0
E0,0,0,0,1,0
E1,0,0,0,1,0
E2,0,0,0,1,0
E3,0,0,0,1,0
E4,0,0,0,1,0
E5,0,0,0,1,0
E6,0,0,0,1,0
E7,0,0,0,1,0
E8,0,0,0,1,0
E9,0,0,0,1,0
EA,0,0,0,1,0
EB,0,0,0,1,0
EC,0,0,0,1,0
ED,0,0,0,1,0
EE,0,0,0,1,0
EF,0,0,0,1,0
F0,0,0,0,1,0
F1,0,0,0,1,0
F2,0,0,0,1,0
F3,0,0,0,1,0
F4,0,0,0,1,0
F5,0,0,0,1,0
F6,0,0,0,1,0
F7,0,0,0,1,0
F8,0,0,0,1,0
F9,0,0,0,1,0
FA,0,0,0,1,0
FB,0,0,0,1,0
FC,0,0,0,1,0
FD,0,0,0,1,0
FE,0,0,0,1,0
FF,0,0,0,1,0
