physical_bank,site,target,is_call,resolved_bank,resolved_address
6,ADD8,1F2E,False,6,1F2E
6,AE21,1FB9,True,6,1FB9
6,AE2A,1FB9,False,6,1FB9
6,AE61,1DC8,False,6,1DC8
6,C2D4,AE2D,True,6,AE2D
6,C2D8,AE4D,True,6,AE4D
6,C2DB,AE36,True,6,AE36
6,C2E1,AE3F,True,6,AE3F
6,C2EF,AE36,True,6,AE36
6,C2F2,AE2D,True,6,AE2D
6,C30F,AE2D,True,6,AE2D
6,C315,AE46,True,6,AE46
6,C329,AEA4,True,6,AEA4
6,C32E,AE36,True,6,AE36
6,C33D,ADED,True,6,ADED
6,C340,AE6F,True,6,AE6F
6,C348,ADF0,True,6,ADF0
6,C34B,ADC3,True,6,ADC3
6,C355,ADF0,True,6,ADF0
6,C35F,ADF7,True,6,ADF7
6,C366,AE21,True,6,AE21
6,C372,AE46,True,6,AE46
6,C375,AE6F,True,6,AE6F
6,C37A,ADC3,True,6,ADC3
6,C381,ADED,True,6,ADED
6,C38B,ADF7,True,6,ADF7
6,C392,AE21,True,6,AE21
6,C3A2,AE59,True,6,AE59
6,C3B5,AE59,True,6,AE59
8,602D,6592,False,8,6592
8,604B,655F,False,8,655F
8,6053,6592,False,8,6592
8,6071,6592,False,8,6592
8,608D,6592,False,8,6592
8,60AB,6592,False,8,6592
8,60C7,6592,False,8,6592
8,60E5,6592,False,8,6592
8,6129,A917,True,8,A917
8,612C,1B74,False,6,C2D4
8,6137,6592,False,8,6592
8,6158,AA4B,True,8,AA4B
8,615D,6592,False,8,6592
8,617C,AA4B,True,8,AA4B
8,6181,6592,False,8,6592
8,61B5,6592,False,8,6592
8,61D6,AA4B,True,8,AA4B
8,61DB,6592,False,8,6592
8,61FE,6592,False,8,6592
8,6213,A929,True,8,A929
8,6239,6592,False,8,6592
8,6250,AA5B,True,8,AA5B
8,6268,6592,False,8,6592
8,628D,6592,False,8,6592
8,62AB,6592,False,8,6592
8,62C0,A929,True,8,A929
8,62D8,6592,False,8,6592
8,62FE,A944,True,8,A944
8,6310,6592,False,8,6592
8,6343,6592,False,8,6592
8,637D,6592,False,8,6592
8,6392,AA5B,True,8,AA5B
8,63AA,6592,False,8,6592
8,63D1,6592,False,8,6592
8,63E3,A926,True,8,A926
8,63FB,6592,False,8,6592
8,642C,6592,False,8,6592
8,645D,6592,False,8,6592
8,647E,AA4B,True,8,AA4B
8,6483,6592,False,8,6592
8,6498,AA5B,True,8,AA5B
8,64B0,6592,False,8,6592
8,64DB,6592,False,8,6592
8,6507,6592,False,8,6592
