kind,physical_bank,site,address
read,6,ADC6,D837
read,6,ADCC,D836
read,6,ADF0,D83A
read,6,ADF0,D83C
read,6,ADF3,D83B
read,6,ADF3,D83D
read,6,ADF9,D838
read,6,ADF9,D83C
read,6,AE39,D838
read,6,AE3C,D839
read,6,AE3F,D836
read,6,AE42,D837
read,6,AE46,D83A
read,6,AE46,D83C
read,6,AE49,D83B
read,6,AE49,D83D
read,6,AE72,D837
read,6,AE77,D836
read,6,AEA4,D83C
read,6,AEA7,D83D
read,6,C2F9,D83B
read,6,C2FE,D83A
read,6,C30A,D836
read,6,C30A,D83A
read,6,C30D,D837
read,6,C30D,D83B
read,6,C31B,D839
read,6,C320,D838
read,6,C35B,D83D
read,6,C387,D839
read,8,6002,D833
read,8,6010,D834
read,8,6017,DA0E
read,8,6036,D833
read,8,6044,D834
read,8,605C,D833
read,8,6062,D834
read,8,6069,DA3D
read,8,607E,D834
read,8,6085,DA3E
read,8,6096,D833
read,8,609C,D834
read,8,60A3,DA3F
read,8,60B8,D834
read,8,60BF,DA41
read,8,60D0,D833
read,8,60D6,D834
read,8,60DD,DA42
read,8,60F4,D833
read,8,60FC,D834
read,8,610B,D833
read,8,6117,D833
read,8,6122,DA21
read,8,6122,DA22
read,8,6122,DA23
read,8,6132,D834
read,8,6140,D833
read,8,6147,D834
read,8,614E,DA43
read,8,616B,D834
read,8,6172,DA08
read,8,618A,D833
read,8,6190,D834
read,8,6197,DA0E
read,8,61A2,DA68
read,8,61BE,D833
read,8,61C5,D834
read,8,61CC,DA17
read,8,61E9,D834
read,8,61F0,DA44
read,8,6207,D833
read,8,620D,D834
read,8,6234,D834
read,8,6242,D833
read,8,6249,D834
read,8,6276,D834
read,8,627D,DA00
read,8,6296,D833
read,8,629C,D834
read,8,62A3,D9F9
read,8,62B9,D834
read,8,62E1,D833
read,8,62F4,D834
read,8,62FB,D9FF
read,8,6319,D833
read,8,6320,D834
read,8,6327,DA00
read,8,6351,D833
read,8,635A,D834
read,8,6361,D9FF
read,8,638B,D834
read,8,63B3,D833
read,8,63BA,D834
read,8,63C1,DA0F
read,8,63DF,D834
read,8,6404,D833
read,8,640B,D834
read,8,6412,DA04
read,8,641F,D834
read,8,643A,D834
read,8,6441,D9FD
read,8,6466,D833
read,8,646D,D834
read,8,6474,DA07
read,8,6491,D834
read,8,64B9,D833
read,8,64C0,D834
read,8,64C7,DA03
read,8,64D6,D834
read,8,64E8,D834
read,8,64EF,D9FD
read,8,6510,D833
read,8,6521,D833
read,8,6529,D834
read,8,6539,D833
read,8,6551,D833
read,8,6558,D834
read,8,655F,DA06
read,8,655F,DA0A
read,8,655F,DA0B
read,8,655F,DA0C
read,8,655F,DA0D
read,8,6574,D834
read,8,657B,DA92
read,8,658B,D834
read,8,6595,D834
read,8,659A,D835
read,8,A929,D9FD
read,8,A929,D9FE
read,8,A929,D9FF
read,8,AA4E,D834
read,8,AA5B,D9FD
read,8,AA5B,D9FE
read,8,AA5B,D9FF
write,6,AE31,D836
write,6,AE34,D837
write,6,AE4E,D838
write,6,AE51,D839
write,6,AE54,D83A
write,6,AE57,D83B
write,8,5FF3,D833
write,8,5FF6,D834
write,8,5FFA,D835
write,8,5FFE,D835
write,8,A918,D83C
write,8,A91C,D83D
