object_offset,export,resolver_call_va,store_va,module_load_va
008,GetI2CPageLength,10003E2F,10003E31,10003E0D
00C,I2CWrite,10003E51,10003E53,10003E0D
010,I2CRead,10003E85,10003E87,10003E0D
014,Initiallize,10003FEA,10003FEC,10003E0D
018,GetCommCount,10003FFF,10004001,10003E0D
01C,GetAllCommName,1000403E,10004040,10003E0D
020,GetCommID,10004014,10004016,10003E0D
024,GetCommName,10004029,1000402B,10003E0D
028,GetCommFile,1000407D,1000407F,10003E0D
02C,SetCommByIndex,10004053,10004055,10003E0D
030,SetCommByID,10004068,1000406A,10003E0D
034,SetDebugSlave,10004092,10004094,10003E0D
038,SetIspSlave,100040A7,100040A9,10003E0D
03C,SetIspContinuousSlave,100040BC,100040BE,10003E0D
040,GetDebugSlave,100040D1,100040D3,10003E0D
044,GetIspSlave,100040E6,100040E8,10003E0D
048,GetIspContinuousSlave,100040FB,100040FD,10003E0D
04C,SetDebugMode,10004110,10004112,10003E0D
050,GetDebugMode,10004125,10004127,10003E0D
054,GetNativePageLength,10003E40,10003E42,10003E0D
058,I2CWriteByte,10003E9A,10003E9C,10003E0D
05C,I2CCurrentRead,10003EAF,10003EB1,10003E0D
060,I2CWordWrite,10003EC4,10003EC6,10003E0D
068,I2CWordRead,10003ED9,10003EDB,10003E0D
070,I2CWriteEx,10003EEE,10003EF0,10003E0D
074,I2CReadEx,10003F03,10003F05,10003E0D
078,I2CCurrentReadEx,10003F18,10003F1A,10003E0D
07C,I2CWordWriteEx,10003F2D,10003F2F,10003E0D
084,I2CWordReadEx,10003F42,10003F44,10003E0D
08C,AdjustOption,10003F5A,10003F5C,10003E0D
090,SetI2CSpeed,10003F72,10003F74,10003E0D
094,GetI2CSpeed,10003F8A,10003F8C,10003E0D
098,SetAuxMode,10003FA2,10003FA4,10003E0D
09C,SetWaitingMode,10003FBA,10003FBC,10003E0D
0A0,GetWaitingMode,10003FD2,10003FD4,10003E0D
0A4,ReadReg,1000413A,1000413C,10003E0D
0A8,WriteReg,10004152,10004154,10003E0D
0AC,ReadRegs,1000416A,1000416C,10003E0D
0B0,WriteRegs,10004182,10004184,10003E0D
0B4,WriteRegBit,1000419A,1000419C,10003E0D
0B8,WritePortRegBit,100041B2,100041B4,10003E0D
0BC,ReadRegEx,100041CA,100041CC,10003E0D
0C0,WriteRegEx,100041E2,100041E4,10003E0D
0C4,ReadRegsEx,100041FA,100041FC,10003E0D
0C8,WriteRegsEx,10004212,10004214,10003E0D
0CC,WriteRegBitEx,1000422A,1000422C,10003E0D
0D0,WritePortRegBitEx,10004242,10004244,10003E0D
0D4,ReadSysDevice,1000425A,1000425C,10003E0D
0D8,WriteSysDevice,10004272,10004274,10003E0D
0DC,ReadWordSysDevice,1000428A,1000428C,10003E0D
0E0,WriteWordSysDevice,100042A2,100042A4,10003E0D
0E4,ScalerStop,100042BA,100042BC,10003E0D
0E8,ScalerRun,100042D2,100042D4,10003E0D
0EC,WriteMcuReg,100042EA,100042EC,10003E0D
0F0,WriteMcuRegs,10004332,10004334,10003E0D
0F4,ReadMcuReg,1000431A,1000431C,10003E0D
0F8,WriteMcuRegBit,10004302,10004304,10003E0D
0FC,ReadMcuRegs,1000434A,1000434C,10003E0D
100,WriteContinuousMcuReg,10004362,10004364,10003E0D
104,ReadContinuousMcuReg,1000437A,1000437C,10003E0D
108,ReleaseDev,10004392,10004394,10003E0D
10C,NativeWrite,100043AA,100043AC,10003E0D
110,NativeRead,100043C2,100043C4,10003E0D
114,SetSettingFilePath,100043DA,100043DC,10003E0D
118,GetDeviceHandler,100043F2,100043F4,10003E0D
11C,ResetFirmware,1000440A,1000440C,10003E0D
120,EnterIspMode,10004422,10004424,10003E0D
124,GetSMBUSDataType,1000443A,1000443C,10003E0D
128,SetSMBUSDataType,10004452,10004454,10003E0D
12C,GetDeviceCount,1000446A,1000446C,10003E0D
130,RemoveDevice,10004482,10004484,10003E0D
134,AutoDetectSlaveAddr,1000449A,1000449C,10003E0D
138,DDCCIWrite,100044B2,100044B4,10003E0D
13C,DDCCIRead,100044CA,100044CC,10003E0D
13C,DDCCIRead,100044E2,100044E4,10003E0D
140,SetFTDIGetAck,100044FA,100044FC,10003E0D
144,GetFTDIGetAckStatus,10004512,10004514,10003E0D
148,I2CMasterInitial,1000452A,1000452C,10003E0D
14C,I2CMasterCurrentRead,10004542,10004544,10003E0D
150,I2CMasterCurrentReadEx,1000455A,1000455C,10003E0D
154,I2CMasterRead,10004572,10004574,10003E0D
158,I2CMasterReadEx,1000458A,1000458C,10003E0D
15C,I2CMasterWordRead,100045A2,100045A4,10003E0D
160,I2CMasterWordReadEx,100045BA,100045BC,10003E0D
164,I2CMasterCurrentWrite,100045D2,100045D4,10003E0D
168,I2CMasterCurrentWriteEx,100045EA,100045EC,10003E0D
16C,I2CMasterWrite,10004602,10004604,10003E0D
170,I2CMasterWriteByte,1000461A,1000461C,10003E0D
174,I2CMasterWriteEx,10004632,10004634,10003E0D
178,I2CMasterWordWrite,1000464A,1000464C,10003E0D
17C,I2CMasterWordWriteEx,10004662,10004664,10003E0D
180,GetUsbDevicePath,1000467A,1000467C,10003E0D
184,SelectUsbByDevicePath,10004692,10004694,10003E0D
188,SelectUsbByIndex,100046AA,100046AC,10003E0D
18C,WriteFlashData,100046DA,100046DC,10003E0D
190,ReadFlashData,100046C2,100046C4,10003E0D
1B4,SetCmdLine,100046F2,100046F4,10003E0D
1B8,GetSpecialCommType,100048A6,100048A8,10003E0D
1BC,SetSpecialCommType,10004892,10004894,10003E0D
1C0,Read32BitRegEx,1000470A,1000470C,10003E0D
1C4,Write32BitRegEx,10004722,10004724,10003E0D
1C8,Read32BitRegsEx,1000473A,1000473C,10003E0D
1CC,Write32BitRegsEx,10004752,10004754,10003E0D
1D0,ReadDDRRegEx,1000476A,1000476C,10003E0D
1D4,WriteDDRRegEx,10004782,10004784,10003E0D
1D8,ReadDDRRegsEx,1000479A,1000479C,10003E0D
1DC,WriteDDRRegsEx,100047B2,100047B4,10003E0D
1E0,ReadPWM2SPIReg,100047CA,100047CC,10003E0D
1E4,WritePWM2SPIReg,100047E2,100047E4,10003E0D
1E8,ReadPWM2SPIDev,100047FA,100047FC,10003E0D
1EC,WritePWM2SPIDev,10004812,10004814,10003E0D
1F0,I2CWriteSegment,1000482A,1000482C,10003E0D
1F4,I2CWriteSegmentEx,10004842,10004844,10003E0D
1F8,I2CReadSegment,10004856,10004858,10003E0D
1FC,I2CReadSegmentEx,1000486A,1000486C,10003E0D
200,AutoEnterIspMode,1000487E,10004880,10003E0D
204,SetIDevInComm,100048BA,100048BC,10003E0D
208,SendUsbPacket,100048E0,100048E7,10003E0D
20C,ReceiveUsbPacket,100048F0,100048F3,10003E0D
